p,rho,seed,empirical_error_correlation,source1_marginal_error,source2_marginal_error,source3_marginal_error
0.01,0.0,0,-0.0003097099928585945,0.01005,0.01026,0.01025
0.01,0.0,1,-0.0012175440805286403,0.00994,0.01028,0.01034
0.01,0.0,2,-0.0017149919312850403,0.01032,0.00937,0.00939
0.01,0.0,3,0.0029250523722421902,0.00952,0.0106,0.01009
0.01,0.0,4,0.0007673152821984863,0.0094,0.00986,0.01001
0.01,0.0,5,-0.0024362514739945584,0.00956,0.00976,0.00981
0.01,0.0,6,0.00197695245106653,0.00992,0.01012,0.00959
0.01,0.0,7,0.003233824897641834,0.00954,0.0103,0.01023
0.01,0.0,8,-0.0011620818158110484,0.01042,0.00975,0.00993
0.01,0.0,9,-0.0025765635518046827,0.01023,0.01039,0.00983
0.01,0.0,10,0.0034533972179384797,0.00972,0.00992,0.01028
0.01,0.0,11,-0.001985473164190348,0.0097,0.01027,0.00997
0.01,0.0,12,-0.0003063533623124679,0.00957,0.00971,0.01002
0.01,0.0,13,0.0036930214991286307,0.01022,0.01007,0.00988
0.01,0.0,14,-0.007031550371250029,0.01028,0.00967,0.01027
0.01,0.0,15,0.0054191869258069115,0.00983,0.00988,0.00964
0.01,0.0,16,-0.006177505770276092,0.01048,0.0097,0.01081
0.01,0.0,17,-0.0011719996494940796,0.01,0.01017,0.00978
0.01,0.0,18,0.0008623118969178061,0.01004,0.0101,0.01014
0.01,0.0,19,-0.003423669568318356,0.01053,0.00994,0.00965
0.01,0.0,20,-0.0017637167900027791,0.00989,0.00983,0.00953
0.01,0.0,21,0.002214086235568702,0.00972,0.01011,0.00988
0.01,0.0,22,0.002662605645426756,0.01021,0.01011,0.01025
0.01,0.0,23,0.0003750956685807234,0.01017,0.01044,0.01027
0.01,0.0,24,-0.0003703514352327944,0.01021,0.01016,0.00972
0.01,0.0,25,0.0028352703841369935,0.00998,0.01019,0.01056
0.01,0.0,26,-0.0018025383211185257,0.01073,0.01012,0.0099
0.01,0.0,27,0.0025972655649518874,0.01002,0.01036,0.01023
0.01,0.0,28,0.001788601019888282,0.01015,0.01006,0.01018
0.01,0.0,29,0.00271681870565041,0.01042,0.00986,0.01018
0.01,0.25,0,0.2527815230737464,0.01009,0.01019,0.01025
0.01,0.25,1,0.25839658434718343,0.01012,0.01026,0.01034
0.01,0.25,2,0.25274444172649907,0.01027,0.00929,0.00939
0.01,0.25,3,0.2265646654260939,0.00942,0.01007,0.01009
0.01,0.25,4,0.26246343566344976,0.00967,0.00991,0.01001
0.01,0.25,5,0.2410455407245446,0.00948,0.00969,0.00981
0.01,0.25,6,0.25620919261224545,0.00996,0.01029,0.00959
0.01,0.25,7,0.24698163244050222,0.00962,0.01004,0.01023
0.01,0.25,8,0.2449580171837797,0.01029,0.00983,0.00993
0.01,0.25,9,0.2551354184844896,0.01056,0.01058,0.00983
0.01,0.25,10,0.26769895627665197,0.01012,0.00995,0.01028
0.01,0.25,11,0.26489485568696663,0.01026,0.01051,0.00997
0.01,0.25,12,0.26284789828008687,0.00967,0.00981,0.01002
0.01,0.25,13,0.25913156076778493,0.01036,0.01033,0.00988
0.01,0.25,14,0.24410256825877039,0.00995,0.00954,0.01027
0.01,0.25,15,0.28694522739316264,0.01016,0.0103,0.00964
0.01,0.25,16,0.23751238651990964,0.01051,0.00958,0.01081
0.01,0.25,17,0.25295097865240485,0.00982,0.01,0.00978
0.01,0.25,18,0.28073122442577236,0.01035,0.0104,0.01014
0.01,0.25,19,0.2625956961570738,0.01044,0.01007,0.00965
0.01,0.25,20,0.24919428159940288,0.00992,0.0098,0.00953
0.01,0.25,21,0.23631542321888566,0.00961,0.01,0.00988
0.01,0.25,22,0.2619856589689129,0.01038,0.01046,0.01025
0.01,0.25,23,0.26716051662066237,0.0106,0.01057,0.01027
0.01,0.25,24,0.26833719498587627,0.01037,0.01022,0.00972
0.01,0.25,25,0.2509063228909693,0.00997,0.00985,0.01056
0.01,0.25,26,0.24352793592801655,0.0107,0.01,0.0099
0.01,0.25,27,0.23041827307225485,0.00989,0.01035,0.01023
0.01,0.25,28,0.24505991499839938,0.00998,0.00982,0.01018
0.01,0.25,29,0.2495861607661934,0.01026,0.00974,0.01018
0.01,0.5,0,0.4936463472582713,0.0101,0.01011,0.01025
0.01,0.5,1,0.5011511064180099,0.01026,0.0104,0.01034
0.01,0.5,2,0.507611557812605,0.01027,0.00953,0.00939
0.01,0.5,3,0.4772935373361842,0.00956,0.00993,0.01009
0.01,0.5,4,0.5006663828239349,0.00987,0.00983,0.01001
0.01,0.5,5,0.49410366939654776,0.00956,0.00968,0.00981
0.01,0.5,6,0.49065698312511685,0.00962,0.01024,0.00959
0.01,0.5,7,0.5001765644632201,0.00973,0.01011,0.01023
0.01,0.5,8,0.4916364255009313,0.01017,0.00961,0.00993
0.01,0.5,9,0.5075774920548614,0.01083,0.01085,0.00983
0.01,0.5,10,0.5211632168253576,0.01026,0.00997,0.01028
0.01,0.5,11,0.49875942169780546,0.00989,0.0102,0.00997
0.01,0.5,12,0.5202890279210249,0.01008,0.01041,0.01002
0.01,0.5,13,0.5056183927010645,0.01027,0.01029,0.00988
0.01,0.5,14,0.4984799620113794,0.01012,0.00994,0.01027
0.01,0.5,15,0.5373460405263697,0.01022,0.01022,0.00964
0.01,0.5,16,0.5023311181028944,0.01064,0.00987,0.01081
0.01,0.5,17,0.5026140904364556,0.00994,0.00992,0.00978
0.01,0.5,18,0.5133126781399404,0.01051,0.01063,0.01014
0.01,0.5,19,0.506467595207552,0.01032,0.01013,0.00965
0.01,0.5,20,0.5104075430073131,0.00975,0.0097,0.00953
0.01,0.5,21,0.5010132144321523,0.0097,0.00987,0.00988
0.01,0.5,22,0.5043879141958761,0.01073,0.01054,0.01025
0.01,0.5,23,0.5124030228254757,0.01048,0.01062,0.01027
0.01,0.5,24,0.509554143928324,0.01011,0.00995,0.00972
0.01,0.5,25,0.4906798505912522,0.00991,0.00978,0.01056
0.01,0.5,26,0.49749552232627486,0.01059,0.01022,0.0099
0.01,0.5,27,0.4864806679992942,0.01017,0.01078,0.01023
0.01,0.5,28,0.4938857703938331,0.0101,0.01018,0.01018
0.01,0.5,29,0.48846323677051257,0.01034,0.01004,0.01018
0.01,0.75,0,0.7455465115079062,0.01024,0.00992,0.01025
0.01,0.75,1,0.7523948437091853,0.01032,0.01037,0.01034
0.01,0.75,2,0.7462960070486617,0.01006,0.0095,0.00939
0.01,0.75,3,0.721084626007564,0.00953,0.00951,0.01009
0.01,0.75,4,0.7346250086115899,0.0098,0.00976,0.01001
0.01,0.75,5,0.7527404375067466,0.01003,0.01007,0.00981
0.01,0.75,6,0.7463692334159782,0.00978,0.00985,0.00959
0.01,0.75,7,0.7556027098619782,0.01028,0.01035,0.01023
0.01,0.75,8,0.7542001322135369,0.01002,0.00965,0.00993
0.01,0.75,9,0.7675870820243498,0.01078,0.01075,0.00983
0.01,0.75,10,0.7610403858665652,0.00993,0.00985,0.01028
0.01,0.75,11,0.7367004519175455,0.00975,0.01,0.00997
0.01,0.75,12,0.7584553219590291,0.01012,0.01065,0.01002
0.01,0.75,13,0.7323183933217556,0.01064,0.01058,0.00988
0.01,0.75,14,0.7403643524125106,0.01016,0.00987,0.01027
0.01,0.75,15,0.7706349169122738,0.01041,0.01011,0.00964
0.01,0.75,16,0.7632568250391183,0.01103,0.01037,0.01081
0.01,0.75,17,0.7547052896694982,0.01016,0.01039,0.00978
0.01,0.75,18,0.7533873693201505,0.01085,0.01071,0.01014
0.01,0.75,19,0.7593189503653842,0.01003,0.01024,0.00965
0.01,0.75,20,0.7628249091861219,0.01004,0.0098,0.00953
0.01,0.75,21,0.7527048078161687,0.00996,0.00972,0.00988
0.01,0.75,22,0.7486593505305095,0.01068,0.01051,0.01025
0.01,0.75,23,0.7606941869374723,0.01069,0.01064,0.01027
0.01,0.75,24,0.7521143642619367,0.01005,0.01004,0.00972
0.01,0.75,25,0.7392835144196876,0.00983,0.00961,0.01056
0.01,0.75,26,0.7459787817684137,0.01042,0.01018,0.0099
0.01,0.75,27,0.7353366885072512,0.01002,0.01061,0.01023
0.01,0.75,28,0.7432977711574289,0.00993,0.00994,0.01018
0.01,0.75,29,0.7341810872465446,0.0102,0.01021,0.01018
0.01,1.0,0,1.0,0.01002,0.01002,0.01025
0.01,1.0,1,1.0,0.01053,0.01053,0.01034
0.01,1.0,2,1.0,0.00972,0.00972,0.00939
0.01,1.0,3,0.9999999999999999,0.00936,0.00936,0.01009
0.01,1.0,4,1.0,0.00993,0.00993,0.01001
0.01,1.0,5,0.9999999999999999,0.00994,0.00994,0.00981
0.01,1.0,6,1.0,0.00993,0.00993,0.00959
0.01,1.0,7,1.0,0.01012,0.01012,0.01023
0.01,1.0,8,1.0,0.00989,0.00989,0.00993
0.01,1.0,9,1.0,0.01073,0.01073,0.00983
0.01,1.0,10,1.0,0.00997,0.00997,0.01028
0.01,1.0,11,1.0,0.01001,0.01001,0.00997
0.01,1.0,12,0.9999999999999999,0.01011,0.01011,0.01002
0.01,1.0,13,1.0,0.01032,0.01032,0.00988
0.01,1.0,14,1.0,0.0098,0.0098,0.01027
0.01,1.0,15,1.0,0.01021,0.01021,0.00964
0.01,1.0,16,1.0,0.01047,0.01047,0.01081
0.01,1.0,17,0.9999999999999999,0.01027,0.01027,0.00978
0.01,1.0,18,1.0,0.01065,0.01065,0.01014
0.01,1.0,19,1.0,0.01022,0.01022,0.00965
0.01,1.0,20,1.0,0.01012,0.01012,0.00953
0.01,1.0,21,1.0,0.00969,0.00969,0.00988
0.01,1.0,22,1.0,0.01022,0.01022,0.01025
0.01,1.0,23,0.9999999999999999,0.01053,0.01053,0.01027
0.01,1.0,24,1.0,0.01024,0.01024,0.00972
0.01,1.0,25,0.9999999999999999,0.00978,0.00978,0.01056
0.01,1.0,26,1.0,0.01006,0.01006,0.0099
0.01,1.0,27,1.0,0.01011,0.01011,0.01023
0.01,1.0,28,0.9999999999999999,0.01011,0.01011,0.01018
0.01,1.0,29,1.0,0.00984,0.00984,0.01018
0.05,0.0,0,0.0018200132247185765,0.04994,0.05013,0.05121
0.05,0.0,1,-0.0014606805669558935,0.04964,0.05035,0.05059
0.05,0.0,2,-0.00135947170776462,0.05022,0.04947,0.04943
0.05,0.0,3,-0.0013745746626881638,0.04864,0.0513,0.05062
0.05,0.0,4,0.0016240242491462526,0.04891,0.04956,0.04844
0.05,0.0,5,0.002271233433625167,0.05006,0.04959,0.05084
0.05,0.0,6,0.006127896809399342,0.04935,0.05083,0.0504
0.05,0.0,7,0.0018030602684610635,0.04946,0.04924,0.04914
0.05,0.0,8,-0.004321105579571138,0.05151,0.04965,0.05047
0.05,0.0,9,-8.693368615330033e-05,0.05112,0.05016,0.04886
0.05,0.0,10,0.0021978346319435167,0.05023,0.04949,0.0507
0.05,0.0,11,-0.005327725089836398,0.04926,0.05039,0.05036
0.05,0.0,12,-0.0029371637151997757,0.05056,0.04903,0.04944
0.05,0.0,13,-2.5907173674196448e-05,0.05037,0.04926,0.04994
0.05,0.0,14,0.0015174327670630916,0.04916,0.05001,0.05108
0.05,0.0,15,-0.004705599949119502,0.04924,0.05021,0.04966
0.05,0.0,16,-0.0009672637923359225,0.04998,0.05014,0.05081
0.05,0.0,17,-0.0007715227523349516,0.0496,0.04932,0.05083
0.05,0.0,18,-0.001996429148531964,0.05031,0.04898,0.04955
0.05,0.0,19,-0.00015410517932820902,0.05048,0.05086,0.04929
0.05,0.0,20,-0.004518770479220023,0.05052,0.0502,0.04982
0.05,0.0,21,0.0006861453711307134,0.04869,0.05068,0.04986
0.05,0.0,22,-0.0020670445927623454,0.05026,0.05011,0.04952
0.05,0.0,23,0.002803402116878241,0.05058,0.05033,0.0497
0.05,0.0,24,-0.0005665223945488585,0.05011,0.05043,0.0494
0.05,0.0,25,0.0028053887444151942,0.04955,0.05039,0.05006
0.05,0.0,26,0.004406724498453858,0.05026,0.05052,0.05069
0.05,0.0,27,-0.0031642441485654573,0.04947,0.05075,0.05132
0.05,0.0,28,-0.0014740278162236262,0.05007,0.05074,0.04974
0.05,0.0,29,0.0012649041136951315,0.05022,0.05037,0.04887
0.05,0.25,0,0.25646654860681956,0.05015,0.05026,0.05121
0.05,0.25,1,0.25424849352868356,0.04974,0.04961,0.05059
0.05,0.25,2,0.24858973944764995,0.04988,0.04933,0.04943
0.05,0.25,3,0.24128894183760455,0.04838,0.05037,0.05062
0.05,0.25,4,0.2545066631497008,0.04925,0.0496,0.04844
0.05,0.25,5,0.2480154876410364,0.05001,0.0498,0.05084
0.05,0.25,6,0.25175259862290367,0.04917,0.05042,0.0504
0.05,0.25,7,0.2500179292328821,0.04959,0.04945,0.04914
0.05,0.25,8,0.2424120629518373,0.05049,0.0493,0.05047
0.05,0.25,9,0.244162574648183,0.05037,0.05002,0.04886
0.05,0.25,10,0.24834610874636875,0.05021,0.04926,0.0507
0.05,0.25,11,0.24664098570926046,0.04942,0.05049,0.05036
0.05,0.25,12,0.24326459938940254,0.04938,0.04858,0.04944
0.05,0.25,13,0.25204699175271905,0.05016,0.05001,0.04994
0.05,0.25,14,0.24970996047193528,0.04875,0.04958,0.05108
0.05,0.25,15,0.2511552356803153,0.05026,0.05017,0.04966
0.05,0.25,16,0.24988272418781057,0.05015,0.04967,0.05081
0.05,0.25,17,0.2567856775026712,0.04948,0.04969,0.05083
0.05,0.25,18,0.2590997463700071,0.0502,0.04934,0.04955
0.05,0.25,19,0.2580422443162002,0.051,0.05118,0.04929
0.05,0.25,20,0.24196415504200183,0.0508,0.05,0.04982
0.05,0.25,21,0.2545526604823395,0.04987,0.05055,0.04986
0.05,0.25,22,0.2520310551868524,0.05054,0.04976,0.04952
0.05,0.25,23,0.25287138658692193,0.05121,0.05043,0.0497
0.05,0.25,24,0.260164418440102,0.05037,0.0506,0.0494
0.05,0.25,25,0.24939852947377664,0.04957,0.04965,0.05006
0.05,0.25,26,0.25156350706324027,0.0497,0.04963,0.05069
0.05,0.25,27,0.25183269785374895,0.0498,0.05099,0.05132
0.05,0.25,28,0.25575672846174197,0.05067,0.05067,0.04974
0.05,0.25,29,0.24324363962083984,0.04939,0.04958,0.04887
0.05,0.5,0,0.49867052527465683,0.05034,0.04971,0.05121
0.05,0.5,1,0.5018619038294756,0.0503,0.04996,0.05059
0.05,0.5,2,0.502847836104124,0.04996,0.04984,0.04943
0.05,0.5,3,0.48834226307166406,0.0484,0.04928,0.05062
0.05,0.5,4,0.5001970651514412,0.04955,0.04918,0.04844
0.05,0.5,5,0.4944199488720595,0.04937,0.04896,0.05084
0.05,0.5,6,0.4970872896463914,0.04876,0.04974,0.0504
0.05,0.5,7,0.5039232266044363,0.04896,0.0495,0.04914
0.05,0.5,8,0.48902333921082863,0.04999,0.04913,0.05047
0.05,0.5,9,0.4973739645620037,0.051,0.05117,0.04886
0.05,0.5,10,0.5038917173259583,0.05015,0.04933,0.0507
0.05,0.5,11,0.49865034213910014,0.04913,0.04972,0.05036
0.05,0.5,12,0.4948816519156642,0.04896,0.0483,0.04944
0.05,0.5,13,0.5019475876162409,0.05005,0.05034,0.04994
0.05,0.5,14,0.5026805971686253,0.04988,0.05013,0.05108
0.05,0.5,15,0.5011813416678245,0.05056,0.05,0.04966
0.05,0.5,16,0.5059950077890015,0.05033,0.04987,0.05081
0.05,0.5,17,0.5070797865927714,0.05021,0.04984,0.05083
0.05,0.5,18,0.4992726086177421,0.05036,0.04984,0.04955
0.05,0.5,19,0.4952862604338521,0.05069,0.05046,0.04929
0.05,0.5,20,0.49261187585860455,0.05008,0.04963,0.04982
0.05,0.5,21,0.5045571874179982,0.05093,0.05085,0.04986
0.05,0.5,22,0.49678293362875536,0.05026,0.04928,0.04952
0.05,0.5,23,0.4969888381026265,0.05068,0.0505,0.0497
0.05,0.5,24,0.5023052479892548,0.05028,0.05041,0.0494
0.05,0.5,25,0.49290654171646175,0.04919,0.0494,0.05006
0.05,0.5,26,0.5060957382566307,0.04983,0.0501,0.05069
0.05,0.5,27,0.4943181838579468,0.04992,0.05104,0.05132
0.05,0.5,28,0.5047986775108458,0.05089,0.05092,0.04974
0.05,0.5,29,0.49392730677248076,0.04976,0.04972,0.04887
0.05,0.75,0,0.7513867941091869,0.05021,0.04984,0.05121
0.05,0.75,1,0.7527859139072708,0.05032,0.05015,0.05059
0.05,0.75,2,0.7497490217639019,0.04979,0.04966,0.04943
0.05,0.75,3,0.7398555734523244,0.04869,0.04882,0.05062
0.05,0.75,4,0.7479580711809865,0.04983,0.0494,0.04844
0.05,0.75,5,0.746275766722937,0.04906,0.04939,0.05084
0.05,0.75,6,0.7474287495308085,0.04879,0.04895,0.0504
0.05,0.75,7,0.7565468399046561,0.05048,0.05012,0.04914
0.05,0.75,8,0.7484938534670694,0.05071,0.0497,0.05047
0.05,0.75,9,0.7466801361825139,0.04979,0.05027,0.04886
0.05,0.75,10,0.749365998302042,0.04933,0.04934,0.0507
0.05,0.75,11,0.7474446110931169,0.04956,0.04968,0.05036
0.05,0.75,12,0.7503373175313712,0.0487,0.04882,0.04944
0.05,0.75,13,0.746104023621687,0.04996,0.05017,0.04994
0.05,0.75,14,0.7448742878500284,0.05034,0.05002,0.05108
0.05,0.75,15,0.7552099124438035,0.05012,0.04944,0.04966
0.05,0.75,16,0.7582227933478362,0.05058,0.04997,0.05081
0.05,0.75,17,0.75212719190844,0.05053,0.05069,0.05083
0.05,0.75,18,0.746958680707329,0.05121,0.0505,0.04955
0.05,0.75,19,0.7482964159131302,0.05069,0.05036,0.04929
0.05,0.75,20,0.7456109490617254,0.04952,0.04927,0.04982
0.05,0.75,21,0.7540516689582327,0.05085,0.0508,0.04986
0.05,0.75,22,0.7507545795750804,0.05012,0.04957,0.04952
0.05,0.75,23,0.7481757154860988,0.05065,0.05008,0.0497
0.05,0.75,24,0.7476555049293946,0.05019,0.05037,0.0494
0.05,0.75,25,0.7444639849475237,0.04918,0.0491,0.05006
0.05,0.75,26,0.7554695138356556,0.04984,0.05038,0.05069
0.05,0.75,27,0.7477835147884418,0.04989,0.05118,0.05132
0.05,0.75,28,0.7571100774622469,0.0504,0.05054,0.04974
0.05,0.75,29,0.7460953669848395,0.0498,0.05002,0.04887
0.05,1.0,0,0.9999999999999999,0.05001,0.05001,0.05121
0.05,1.0,1,0.9999999999999999,0.05106,0.05106,0.05059
0.05,1.0,2,1.0,0.04969,0.04969,0.04943
0.05,1.0,3,0.9999999999999999,0.04819,0.04819,0.05062
0.05,1.0,4,1.0,0.04994,0.04994,0.04844
0.05,1.0,5,0.9999999999999999,0.04853,0.04853,0.05084
0.05,1.0,6,1.0,0.04902,0.04902,0.0504
0.05,1.0,7,1.0,0.0503,0.0503,0.04914
0.05,1.0,8,0.9999999999999999,0.04944,0.04944,0.05047
0.05,1.0,9,0.9999999999999999,0.05002,0.05002,0.04886
0.05,1.0,10,1.0,0.04941,0.04941,0.0507
0.05,1.0,11,1.0,0.04983,0.04983,0.05036
0.05,1.0,12,1.0,0.04914,0.04914,0.04944
0.05,1.0,13,1.0,0.05026,0.05026,0.04994
0.05,1.0,14,1.0,0.04936,0.04936,0.05108
0.05,1.0,15,1.0,0.0505,0.0505,0.04966
0.05,1.0,16,1.0,0.04991,0.04991,0.05081
0.05,1.0,17,1.0,0.05049,0.05049,0.05083
0.05,1.0,18,1.0,0.05107,0.05107,0.04955
0.05,1.0,19,1.0,0.05074,0.05074,0.04929
0.05,1.0,20,1.0,0.04949,0.04949,0.04982
0.05,1.0,21,0.9999999999999999,0.05096,0.05096,0.04986
0.05,1.0,22,1.0,0.05007,0.05007,0.04952
0.05,1.0,23,1.0,0.04985,0.04985,0.0497
0.05,1.0,24,0.9999999999999999,0.05097,0.05097,0.0494
0.05,1.0,25,0.9999999999999999,0.04965,0.04965,0.05006
0.05,1.0,26,1.0,0.04957,0.04957,0.05069
0.05,1.0,27,0.9999999999999999,0.05039,0.05039,0.05132
0.05,1.0,28,1.0,0.05114,0.05114,0.04974
0.05,1.0,29,1.0,0.04988,0.04988,0.04887
0.1,0.0,0,0.0036842988243241744,0.10081,0.09879,0.10339
0.1,0.0,1,-0.0029116985676964843,0.09945,0.09976,0.10099
0.1,0.0,2,0.0008352780749191876,0.09979,0.09916,0.09979
0.1,0.0,3,0.003902255032817573,0.09886,0.10144,0.10051
0.1,0.0,4,0.0018232047458956377,0.09805,0.09972,0.097
0.1,0.0,5,0.0015486435028045815,0.09916,0.09935,0.10059
0.1,0.0,6,0.0066018027225945115,0.09836,0.10123,0.10052
0.1,0.0,7,-0.002191043792757792,0.1004,0.09887,0.09908
0.1,0.0,8,-0.002830866807592547,0.10111,0.09905,0.1003
0.1,0.0,9,0.0009551889486853634,0.10176,0.10017,0.09934
0.1,0.0,10,0.0006565451653428117,0.09956,0.09985,0.10084
0.1,0.0,11,-0.005198535529396384,0.10016,0.10094,0.10057
0.1,0.0,12,-0.0027303070307181073,0.10059,0.09927,0.09892
0.1,0.0,13,0.0032356389667353796,0.09974,0.09916,0.09952
0.1,0.0,14,0.002612696457062922,0.09893,0.10063,0.10072
0.1,0.0,15,-0.0028447308386916055,0.09876,0.10101,0.09941
0.1,0.0,16,-0.00099955091201878,0.09909,0.10031,0.10029
0.1,0.0,17,-0.000712601562674373,0.09985,0.09979,0.10182
0.1,0.0,18,0.004396691359843413,0.10023,0.09795,0.09981
0.1,0.0,19,-0.00012219840511890802,0.10005,0.10026,0.09954
0.1,0.0,20,-0.0013717442392902253,0.09997,0.10097,0.09937
0.1,0.0,21,0.00037198538302202666,0.09905,0.10042,0.09952
0.1,0.0,22,0.003142697435495483,0.1012,0.09986,0.09998
0.1,0.0,23,-0.0005640919229715,0.10134,0.10096,0.09882
0.1,0.0,24,-0.0023817204963133584,0.09996,0.10069,0.09885
0.1,0.0,25,0.00024000947981998657,0.09896,0.10053,0.10147
0.1,0.0,26,-0.00545739031557187,0.09977,0.10014,0.10069
0.1,0.0,27,0.0045381728194685495,0.09933,0.10069,0.10238
0.1,0.0,28,-0.0019836542265320705,0.10042,0.10037,0.09896
0.1,0.0,29,-0.0002779921046827897,0.10018,0.10057,0.09856
0.1,0.25,0,0.25548231259005627,0.10022,0.09932,0.10339
0.1,0.25,1,0.24999427981324196,0.09927,0.09903,0.10099
0.1,0.25,2,0.24985720029283293,0.09905,0.09896,0.09979
0.1,0.25,3,0.24842305725700844,0.09827,0.10004,0.10051
0.1,0.25,4,0.2567601851906798,0.09814,0.09935,0.097
0.1,0.25,5,0.24643150496105642,0.0997,0.09955,0.10059
0.1,0.25,6,0.2542738926850814,0.0982,0.1004,0.10052
0.1,0.25,7,0.2480346509922958,0.10085,0.09964,0.09908
0.1,0.25,8,0.250290939881814,0.09994,0.09933,0.1003
0.1,0.25,9,0.24662951726611568,0.10055,0.09952,0.09934
0.1,0.25,10,0.24950958457768235,0.09976,0.09976,0.10084
0.1,0.25,11,0.244391909468474,0.09973,0.10065,0.10057
0.1,0.25,12,0.24604699228765703,0.09965,0.09932,0.09892
0.1,0.25,13,0.2490129963327335,0.09941,0.09928,0.09952
0.1,0.25,14,0.2522333362591656,0.09823,0.10018,0.10072
0.1,0.25,15,0.24905264941094765,0.09968,0.10075,0.09941
0.1,0.25,16,0.25240895602894103,0.09934,0.10023,0.10029
0.1,0.25,17,0.25207318779918064,0.09953,0.09959,0.10182
0.1,0.25,18,0.26101208722618224,0.10097,0.09918,0.09981
0.1,0.25,19,0.25521814724540004,0.10057,0.10047,0.09954
0.1,0.25,20,0.2464509448461942,0.1016,0.10116,0.09937
0.1,0.25,21,0.25126389332901833,0.10011,0.10037,0.09952
0.1,0.25,22,0.25615436998731134,0.10155,0.09982,0.09998
0.1,0.25,23,0.2461939666788115,0.10216,0.10122,0.09882
0.1,0.25,24,0.25208226559607727,0.10012,0.10064,0.09885
0.1,0.25,25,0.2478476431604856,0.09887,0.09949,0.10147
0.1,0.25,26,0.2435612160950096,0.09933,0.09874,0.10069
0.1,0.25,27,0.2570023078130436,0.09995,0.10079,0.10238
0.1,0.25,28,0.2546349533789631,0.10145,0.10079,0.09896
0.1,0.25,29,0.24381806250419105,0.09984,0.09918,0.09856
0.1,0.5,0,0.4989377703593248,0.09992,0.0987,0.10339
0.1,0.5,1,0.5014237326508733,0.0995,0.09871,0.10099
0.1,0.5,2,0.5037846872147258,0.09929,0.09958,0.09979
0.1,0.5,3,0.4993217710062301,0.09814,0.09906,0.10051
0.1,0.5,4,0.503752982106829,0.09931,0.09937,0.097
0.1,0.5,5,0.49851634328546546,0.09924,0.0986,0.10059
0.1,0.5,6,0.500896642836466,0.09727,0.09917,0.10052
0.1,0.5,7,0.49920980887072447,0.09985,0.09982,0.09908
0.1,0.5,8,0.4982034248949842,0.09915,0.09905,0.1003
0.1,0.5,9,0.49643785023299447,0.10175,0.10103,0.09934
0.1,0.5,10,0.4985913149201077,0.09957,0.09915,0.10084
0.1,0.5,11,0.4982443337249383,0.09921,0.10005,0.10057
0.1,0.5,12,0.49991871232500185,0.09931,0.09888,0.09892
0.1,0.5,13,0.500112163806563,0.09983,0.10017,0.09952
0.1,0.5,14,0.5068413042815053,0.10071,0.10112,0.10072
0.1,0.5,15,0.49846397598082204,0.10058,0.10095,0.09941
0.1,0.5,16,0.5016808455096209,0.09975,0.10048,0.10029
0.1,0.5,17,0.504382159959864,0.10054,0.10034,0.10182
0.1,0.5,18,0.5078137331223626,0.10085,0.10036,0.09981
0.1,0.5,19,0.49876814184519824,0.10012,0.09945,0.09954
0.1,0.5,20,0.49410296742317317,0.10044,0.10057,0.09937
0.1,0.5,21,0.4930930897016933,0.10023,0.10028,0.09952
0.1,0.5,22,0.49813690138995403,0.10039,0.09884,0.09998
0.1,0.5,23,0.49362971657859406,0.10059,0.10127,0.09882
0.1,0.5,24,0.49743100536061535,0.10035,0.10049,0.09885
0.1,0.5,25,0.49896523280787025,0.09892,0.09922,0.10147
0.1,0.5,26,0.49984042858021516,0.09928,0.0987,0.10069
0.1,0.5,27,0.5007820384536937,0.10063,0.1015,0.10238
0.1,0.5,28,0.5022515626870888,0.10108,0.10097,0.09896
0.1,0.5,29,0.4916232220677927,0.1,0.09887,0.09856
0.1,0.75,0,0.7515657071933475,0.09941,0.09909,0.10339
0.1,0.75,1,0.750334224090893,0.09879,0.09906,0.10099
0.1,0.75,2,0.7511615605447409,0.09925,0.09934,0.09979
0.1,0.75,3,0.7485313519372851,0.09866,0.09844,0.10051
0.1,0.75,4,0.7541420914593069,0.09972,0.0998,0.097
0.1,0.75,5,0.7495010337367322,0.0987,0.09876,0.10059
0.1,0.75,6,0.7512111064082824,0.09805,0.09828,0.10052
0.1,0.75,7,0.7522893824057402,0.10018,0.09988,0.09908
0.1,0.75,8,0.7521057680629227,0.10047,0.10018,0.1003
0.1,0.75,9,0.745477991391817,0.10024,0.10033,0.09934
0.1,0.75,10,0.7496843119583423,0.09916,0.09906,0.10084
0.1,0.75,11,0.7469408656298442,0.10036,0.10018,0.10057
0.1,0.75,12,0.7525746728801427,0.09903,0.09972,0.09892
0.1,0.75,13,0.744323480082443,0.09936,0.09941,0.09952
0.1,0.75,14,0.7522342515384671,0.10037,0.10095,0.10072
0.1,0.75,15,0.7508937656972111,0.0992,0.0991,0.09941
0.1,0.75,16,0.7513338028823755,0.0999,0.10015,0.10029
0.1,0.75,17,0.7521825659559235,0.10075,0.10088,0.10182
0.1,0.75,18,0.7561680932177497,0.10136,0.10126,0.09981
0.1,0.75,19,0.7494711272938799,0.10031,0.09971,0.09954
0.1,0.75,20,0.7446593821134391,0.09891,0.09903,0.09937
0.1,0.75,21,0.7464807299340894,0.09974,0.09975,0.09952
0.1,0.75,22,0.751145334819961,0.10025,0.0987,0.09998
0.1,0.75,23,0.742783305197506,0.1004,0.10048,0.09882
0.1,0.75,24,0.7456392590873127,0.09982,0.09991,0.09885
0.1,0.75,25,0.7492372580767197,0.09857,0.09915,0.10147
0.1,0.75,26,0.751563172681224,0.09939,0.09936,0.10069
0.1,0.75,27,0.7498930008250752,0.10105,0.1019,0.10238
0.1,0.75,28,0.7508878494207835,0.10042,0.10118,0.09896
0.1,0.75,29,0.7447024307754472,0.10037,0.1002,0.09856
0.1,1.0,0,1.0,0.09948,0.09948,0.10339
0.1,1.0,1,1.0,0.10065,0.10065,0.10099
0.1,1.0,2,0.9999999999999998,0.0992,0.0992,0.09979
0.1,1.0,3,0.9999999999999998,0.09844,0.09844,0.10051
0.1,1.0,4,1.0,0.10041,0.10041,0.097
0.1,1.0,5,1.0,0.09775,0.09775,0.10059
0.1,1.0,6,1.0,0.09862,0.09862,0.10052
0.1,1.0,7,1.0,0.09999,0.09999,0.09908
0.1,1.0,8,0.9999999999999998,0.09984,0.09984,0.1003
0.1,1.0,9,1.0,0.09951,0.09951,0.09934
0.1,1.0,10,1.0,0.09863,0.09863,0.10084
0.1,1.0,11,0.9999999999999998,0.10049,0.10049,0.10057
0.1,1.0,12,1.0,0.09992,0.09992,0.09892
0.1,1.0,13,0.9999999999999998,0.09927,0.09927,0.09952
0.1,1.0,14,1.0,0.10037,0.10037,0.10072
0.1,1.0,15,1.0,0.09927,0.09927,0.09941
0.1,1.0,16,0.9999999999999998,0.09996,0.09996,0.10029
0.1,1.0,17,0.9999999999999998,0.10082,0.10082,0.10182
0.1,1.0,18,0.9999999999999998,0.10179,0.10179,0.09981
0.1,1.0,19,1.0,0.10002,0.10002,0.09954
0.1,1.0,20,1.0,0.09863,0.09863,0.09937
0.1,1.0,21,0.9999999999999998,0.09941,0.09941,0.09952
0.1,1.0,22,1.0,0.09942,0.09942,0.09998
0.1,1.0,23,0.9999999999999998,0.10018,0.10018,0.09882
0.1,1.0,24,1.0,0.10054,0.10054,0.09885
0.1,1.0,25,1.0,0.09879,0.09879,0.10147
0.1,1.0,26,1.0,0.09934,0.09934,0.10069
0.1,1.0,27,1.0,0.10128,0.10128,0.10238
0.1,1.0,28,1.0,0.10225,0.10225,0.09896
0.1,1.0,29,0.9999999999999998,0.09961,0.09961,0.09856
0.2,0.0,0,0.00043339067072963825,0.19933,0.19862,0.20244
0.2,0.0,1,-0.0020717095882270857,0.1994,0.1991,0.20049
0.2,0.0,2,0.00043401321570814077,0.201,0.19861,0.19974
0.2,0.0,3,0.0069611215300741285,0.20025,0.20245,0.20027
0.2,0.0,4,0.004172379700656226,0.19872,0.19905,0.19635
0.2,0.0,5,0.003543655718185349,0.19834,0.19868,0.19982
0.2,0.0,6,0.0010380364141376183,0.1997,0.20072,0.19831
0.2,0.0,7,-0.0003246882701401959,0.20017,0.19954,0.19868
0.2,0.0,8,0.0007997349000198905,0.19959,0.19917,0.1999
0.2,0.0,9,0.0022630288014288628,0.20079,0.20094,0.20022
0.2,0.0,10,0.00276588311369246,0.2013,0.20018,0.20077
0.2,0.0,11,-0.0018972017401588243,0.2012,0.20037,0.20142
0.2,0.0,12,0.000763490897729717,0.1996,0.20039,0.198
0.2,0.0,13,0.004562976706091531,0.1985,0.20011,0.20049
0.2,0.0,14,-0.0021217761727330715,0.19909,0.20071,0.20221
0.2,0.0,15,-0.0031847653947888652,0.19941,0.20195,0.19956
0.2,0.0,16,0.0017020448276737093,0.19844,0.19955,0.20026
0.2,0.0,17,0.0012688832473665408,0.19858,0.20046,0.20205
0.2,0.0,18,0.002055728872851701,0.19965,0.19741,0.19992
0.2,0.0,19,0.0033731232479606078,0.20067,0.20216,0.20062
0.2,0.0,20,-0.0013652627070965902,0.19875,0.20125,0.19708
0.2,0.0,21,-4.249579122169357e-05,0.1992,0.20149,0.19954
0.2,0.0,22,-0.0008242330563856542,0.20042,0.19989,0.19851
0.2,0.0,23,0.0018632871775381204,0.20055,0.19961,0.19969
0.2,0.0,24,0.0020021874527674888,0.19941,0.20054,0.19803
0.2,0.0,25,3.829555648157936e-05,0.19909,0.20013,0.19981
0.2,0.0,26,0.0003842789435528686,0.19901,0.19928,0.19896
0.2,0.0,27,0.0029652201039837346,0.19939,0.20039,0.20213
0.2,0.0,28,-0.006011504308209231,0.19838,0.20032,0.19912
0.2,0.0,29,-0.0013269914382117917,0.20202,0.20069,0.19802
0.2,0.25,0,0.2529792070193345,0.19807,0.19933,0.20244
0.2,0.25,1,0.25384349760406294,0.20057,0.19945,0.20049
0.2,0.25,2,0.24906522034133066,0.20083,0.19881,0.19974
0.2,0.25,3,0.2520189271578948,0.19818,0.20018,0.20027
0.2,0.25,4,0.2559286272002716,0.19911,0.19934,0.19635
0.2,0.25,5,0.2505266647078159,0.19866,0.19936,0.19982
0.2,0.25,6,0.25184444642334514,0.19886,0.2008,0.19831
0.2,0.25,7,0.25401816953762224,0.20155,0.20097,0.19868
0.2,0.25,8,0.2542935218748332,0.19978,0.20034,0.1999
0.2,0.25,9,0.24956877699788355,0.20006,0.1999,0.20022
0.2,0.25,10,0.25388166735811957,0.20179,0.20099,0.20077
0.2,0.25,11,0.2470369986544975,0.20031,0.20058,0.20142
0.2,0.25,12,0.2520250607315315,0.19902,0.19995,0.198
0.2,0.25,13,0.25453720379687667,0.19882,0.20062,0.20049
0.2,0.25,14,0.24528918697057142,0.19936,0.20139,0.20221
0.2,0.25,15,0.24784877443465475,0.20028,0.20112,0.19956
0.2,0.25,16,0.2542921412689248,0.19925,0.20022,0.20026
0.2,0.25,17,0.25164426474419455,0.19894,0.20069,0.20205
0.2,0.25,18,0.2550488692573517,0.20137,0.19872,0.19992
0.2,0.25,19,0.2566060989977538,0.20197,0.20308,0.20062
0.2,0.25,20,0.2500159823174478,0.20098,0.20177,0.19708
0.2,0.25,21,0.2532054988835848,0.20012,0.20161,0.19954
0.2,0.25,22,0.25167809794327933,0.20032,0.19936,0.19851
0.2,0.25,23,0.24772339229758983,0.20061,0.19988,0.19969
0.2,0.25,24,0.25128756383907475,0.19884,0.20005,0.19803
0.2,0.25,25,0.2509479578920647,0.19959,0.19895,0.19981
0.2,0.25,26,0.25316506685691187,0.19925,0.19953,0.19896
0.2,0.25,27,0.2527751828301256,0.19936,0.20121,0.20213
0.2,0.25,28,0.25082266670028003,0.19995,0.20139,0.19912
0.2,0.25,29,0.24442132738291839,0.20055,0.19968,0.19802
0.2,0.5,0,0.4977953722716461,0.19869,0.19894,0.20244
0.2,0.5,1,0.5014336337317455,0.20107,0.19874,0.20049
0.2,0.5,2,0.4986042712693941,0.2003,0.19971,0.19974
0.2,0.5,3,0.4990503672037823,0.19836,0.19864,0.20027
0.2,0.5,4,0.5023347262424108,0.19998,0.1987,0.19635
0.2,0.5,5,0.5019758474968324,0.19844,0.19843,0.19982
0.2,0.5,6,0.5004272371660622,0.19761,0.19957,0.19831
0.2,0.5,7,0.5012391760829574,0.1993,0.20045,0.19868
0.2,0.5,8,0.5010523810536233,0.19837,0.19958,0.1999
0.2,0.5,9,0.4979235927890602,0.20115,0.20123,0.20022
0.2,0.5,10,0.5013849921725533,0.20058,0.20107,0.20077
0.2,0.5,11,0.49836090054939486,0.2002,0.20035,0.20142
0.2,0.5,12,0.5025872737835454,0.19987,0.20029,0.198
0.2,0.5,13,0.5028121427693188,0.20026,0.20128,0.20049
0.2,0.5,14,0.49869649352757045,0.20202,0.20346,0.20221
0.2,0.5,15,0.49811403114894337,0.20074,0.20184,0.19956
0.2,0.5,16,0.5033949630212116,0.19963,0.19962,0.20026
0.2,0.5,17,0.503295830471443,0.20087,0.20133,0.20205
0.2,0.5,18,0.504011925535674,0.20182,0.20051,0.19992
0.2,0.5,19,0.49666208678941715,0.20009,0.20104,0.20062
0.2,0.5,20,0.497198065198939,0.19968,0.20089,0.19708
0.2,0.5,21,0.4978636611225324,0.20083,0.20052,0.19954
0.2,0.5,22,0.49714320905091,0.19995,0.19884,0.19851
0.2,0.5,23,0.4929836066177895,0.20012,0.20052,0.19969
0.2,0.5,24,0.4992474794301049,0.20027,0.20036,0.19803
0.2,0.5,25,0.49839012433708574,0.20005,0.1996,0.19981
0.2,0.5,26,0.5040867603439487,0.20003,0.19939,0.19896
0.2,0.5,27,0.4993135681853148,0.20076,0.20164,0.20213
0.2,0.5,28,0.5005705546467113,0.19982,0.20072,0.19912
0.2,0.5,29,0.490086789106661,0.19991,0.19818,0.19802
0.2,0.75,0,0.7486205453902419,0.19843,0.19865,0.20244
0.2,0.75,1,0.7483150888928289,0.19993,0.19847,0.20049
0.2,0.75,2,0.7501999846433037,0.19976,0.19913,0.19974
0.2,0.75,3,0.748697374683222,0.1977,0.1973,0.20027
0.2,0.75,4,0.7519953378222125,0.19937,0.19833,0.19635
0.2,0.75,5,0.7513481670249991,0.19853,0.19887,0.19982
0.2,0.75,6,0.751280995275033,0.19797,0.19842,0.19831
0.2,0.75,7,0.752276081598758,0.20024,0.20022,0.19868
0.2,0.75,8,0.7524094705451553,0.20042,0.20053,0.1999
0.2,0.75,9,0.7480233029081228,0.19992,0.20085,0.20022
0.2,0.75,10,0.7483242248699002,0.19989,0.19987,0.20077
0.2,0.75,11,0.7484565960259472,0.20078,0.20072,0.20142
0.2,0.75,12,0.7525640992883497,0.2,0.20054,0.198
0.2,0.75,13,0.7471708201619226,0.2004,0.20062,0.20049
0.2,0.75,14,0.7498188301482619,0.20244,0.20372,0.20221
0.2,0.75,15,0.7489211824776265,0.19921,0.20002,0.19956
0.2,0.75,16,0.7552273725401681,0.20045,0.1997,0.20026
0.2,0.75,17,0.7512125076334338,0.20048,0.20078,0.20205
0.2,0.75,18,0.7544608190951025,0.20184,0.20216,0.19992
0.2,0.75,19,0.7498410590114676,0.20104,0.20109,0.20062
0.2,0.75,20,0.7471072285752636,0.19913,0.19958,0.19708
0.2,0.75,21,0.7493921799904045,0.1996,0.19997,0.19954
0.2,0.75,22,0.7484211802369224,0.19956,0.19814,0.19851
0.2,0.75,23,0.7437361346291789,0.19952,0.19902,0.19969
0.2,0.75,24,0.7464903976084082,0.19959,0.19947,0.19803
0.2,0.75,25,0.7500405582643359,0.19939,0.19963,0.19981
0.2,0.75,26,0.754811577315294,0.19994,0.19999,0.19896
0.2,0.75,27,0.7507038090181237,0.20176,0.20263,0.20213
0.2,0.75,28,0.7503887942488966,0.20093,0.2021,0.19912
0.2,0.75,29,0.7431937127810463,0.20085,0.20033,0.19802
0.2,1.0,0,1.0,0.19905,0.19905,0.20244
0.2,1.0,1,1.0,0.20006,0.20006,0.20049
0.2,1.0,2,1.0,0.19984,0.19984,0.19974
0.2,1.0,3,1.0,0.19754,0.19754,0.20027
0.2,1.0,4,1.0,0.19887,0.19887,0.19635
0.2,1.0,5,1.0,0.19864,0.19864,0.19982
0.2,1.0,6,1.0,0.1985,0.1985,0.19831
0.2,1.0,7,0.9999999999999999,0.19999,0.19999,0.19868
0.2,1.0,8,1.0,0.19987,0.19987,0.1999
0.2,1.0,9,1.0,0.20004,0.20004,0.20022
0.2,1.0,10,1.0,0.19929,0.19929,0.20077
0.2,1.0,11,0.9999999999999999,0.2017,0.2017,0.20142
0.2,1.0,12,1.0,0.20065,0.20065,0.198
0.2,1.0,13,1.0,0.19995,0.19995,0.20049
0.2,1.0,14,1.0,0.20263,0.20263,0.20221
0.2,1.0,15,1.0,0.19966,0.19966,0.19956
0.2,1.0,16,0.9999999999999999,0.20053,0.20053,0.20026
0.2,1.0,17,1.0,0.20036,0.20036,0.20205
0.2,1.0,18,1.0,0.20292,0.20292,0.19992
0.2,1.0,19,1.0,0.20012,0.20012,0.20062
0.2,1.0,20,1.0,0.19919,0.19919,0.19708
0.2,1.0,21,1.0,0.19991,0.19991,0.19954
0.2,1.0,22,1.0,0.19796,0.19796,0.19851
0.2,1.0,23,0.9999999999999999,0.19913,0.19913,0.19969
0.2,1.0,24,1.0,0.19964,0.19964,0.19803
0.2,1.0,25,1.0,0.19978,0.19978,0.19981
0.2,1.0,26,0.9999999999999999,0.20017,0.20017,0.19896
0.2,1.0,27,1.0,0.2021,0.2021,0.20213
0.2,1.0,28,1.0,0.2024,0.2024,0.19912
0.2,1.0,29,1.0,0.19888,0.19888,0.19802
