p,rho,protocol,metric,mean,ci95_halfwidth,n_seeds
0.01,0.0,correlation_aware,containment_failure_rate,0.00016633548323705737,3.106633091186889e-05,30
0.01,0.0,correlation_aware,false_block_rate,0.0076431887601437305,0.00012390427051368113,30
0.01,0.0,correlation_aware,benign_success_rate,0.9923568112398563,0.00012390427051367912,30
0.01,0.0,redundant_fail_closed,containment_failure_rate,7.494933506775309e-05,1.8504429656815563e-05,30
0.01,0.0,redundant_fail_closed,false_block_rate,0.014736181798942753,0.00017764880151963726,30
0.01,0.0,redundant_fail_closed,benign_success_rate,0.9852638182010574,0.0001776488015196372,30
0.01,0.0,single_source,containment_failure_rate,0.008202099082688197,0.00020807023680589976,30
0.01,0.0,single_source,false_block_rate,0.007361960678728682,0.00013487436618120046,30
0.01,0.0,single_source,benign_success_rate,0.9926380393212714,0.00013487436618120005,30
0.01,0.0,three_source_diverse,containment_failure_rate,0.0002400967606602536,3.276580922126319e-05,30
0.01,0.0,three_source_diverse,false_block_rate,0.0004539604143333518,2.8883750561293616e-05,30
0.01,0.0,three_source_diverse,benign_success_rate,0.9995460395856667,2.888375056129676e-05,30
0.01,0.25,correlation_aware,containment_failure_rate,0.00014847562744715794,2.7935979123174363e-05,30
0.01,0.25,correlation_aware,false_block_rate,0.00946095391179944,0.0001516927901447008,30
0.01,0.25,correlation_aware,benign_success_rate,0.9905390460882005,0.00015169279014469927,30
0.01,0.25,redundant_fail_closed,containment_failure_rate,0.00209582941534185,0.00010126684156810127,30
0.01,0.25,redundant_fail_closed,false_block_rate,0.012959199163227962,0.00015778172587408305,30
0.01,0.25,redundant_fail_closed,benign_success_rate,0.9870408008367719,0.00015778172587408126,30
0.01,0.25,single_source,containment_failure_rate,0.008204696293781615,0.0002186142233770393,30
0.01,0.25,single_source,false_block_rate,0.007463908370438445,0.00012778730571530496,30
0.01,0.25,single_source,benign_success_rate,0.9925360916295617,0.00012778730571530314,30
0.01,0.25,three_source_diverse,containment_failure_rate,0.00222770287497717,0.00010860979632634206,30
0.01,0.25,three_source_diverse,false_block_rate,0.0022360509203461316,7.58469646583469e-05,30
0.01,0.25,three_source_diverse,benign_success_rate,0.9977639490796537,7.584696465834719e-05,30
0.01,0.5,correlation_aware,containment_failure_rate,0.00013423316793812826,2.7020538569992123e-05,30
0.01,0.5,correlation_aware,false_block_rate,0.011295336529100761,0.00014811447060795996,30
0.01,0.5,correlation_aware,benign_success_rate,0.9887046634708992,0.00014811447060796292,30
0.01,0.5,redundant_fail_closed,containment_failure_rate,0.004170058627032696,0.0001540893665029015,30
0.01,0.5,redundant_fail_closed,false_block_rate,0.011204169399007268,0.00013177325177624968,30
0.01,0.5,redundant_fail_closed,benign_success_rate,0.9887958306009927,0.00013177325177624784,30
0.01,0.5,single_source,containment_failure_rate,0.008256979023468227,0.00020948138077704368,30
0.01,0.5,single_source,false_block_rate,0.007527429973871524,0.00010456654629774099,30
0.01,0.5,single_source,benign_success_rate,0.9924725700261283,0.00010456654629774112,30
0.01,0.5,three_source_diverse,containment_failure_rate,0.004266305624221446,0.00015903685443719888,30
0.01,0.5,three_source_diverse,false_block_rate,0.004022268991860448,8.532735028861157e-05,30
0.01,0.5,three_source_diverse,benign_success_rate,0.9959777310081395,8.53273502886111e-05,30
0.01,0.75,correlation_aware,containment_failure_rate,0.00010331257309604987,2.4107391383794438e-05,30
0.01,0.75,correlation_aware,false_block_rate,0.013140311645647532,0.00015394505442199814,30
0.01,0.75,correlation_aware,benign_success_rate,0.9868596883543522,0.00015394505442199773,30
0.01,0.75,redundant_fail_closed,containment_failure_rate,0.0061529342276815625,0.00019216185458739848,30
0.01,0.75,redundant_fail_closed,false_block_rate,0.009449533061660362,0.00014360284201787418,30
0.01,0.75,redundant_fail_closed,benign_success_rate,0.9905504669383396,0.00014360284201787364,30
0.01,0.75,single_source,containment_failure_rate,0.008203303173430859,0.00022831116952372774,30
0.01,0.75,single_source,false_block_rate,0.007604857696608609,0.00012266377534214312,30
0.01,0.75,single_source,benign_success_rate,0.9923951423033913,0.00012266377534213984,30
0.01,0.75,three_source_diverse,containment_failure_rate,0.006198080710948784,0.0001933095562251646,30
0.01,0.75,three_source_diverse,false_block_rate,0.0058334311250066535,0.00010971578636633853,30
0.01,0.75,three_source_diverse,benign_success_rate,0.9941665688749931,0.00010971578636633876,30
0.01,1.0,correlation_aware,containment_failure_rate,7.957845067074647e-05,2.1771203305601943e-05,30
0.01,1.0,correlation_aware,false_block_rate,0.014947811374870668,0.00017242867852883663,30
0.01,1.0,correlation_aware,benign_success_rate,0.9850521886251292,0.00017242867852883256,30
0.01,1.0,redundant_fail_closed,containment_failure_rate,0.00818329498095009,0.0002349060844458603,30
0.01,1.0,redundant_fail_closed,false_block_rate,0.007589502985334417,0.00012831018345085503,30
0.01,1.0,redundant_fail_closed,benign_success_rate,0.9924104970146657,0.000128310183450855,30
0.01,1.0,single_source,containment_failure_rate,0.00818329498095009,0.0002349060844458603,30
0.01,1.0,single_source,false_block_rate,0.007589502985334417,0.00012831018345085503,30
0.01,1.0,single_source,benign_success_rate,0.9924104970146657,0.000128310183450855,30
0.01,1.0,three_source_diverse,containment_failure_rate,0.00818329498095009,0.0002349060844458603,30
0.01,1.0,three_source_diverse,false_block_rate,0.007589502985334417,0.00012831018345085503,30
0.01,1.0,three_source_diverse,benign_success_rate,0.9924104970146657,0.000128310183450855,30
0.05,0.0,correlation_aware,containment_failure_rate,0.0035564493683257242,0.00011853995114042498,30
0.05,0.0,correlation_aware,false_block_rate,0.03974193694743184,0.0002970175061439677,30
0.05,0.0,correlation_aware,benign_success_rate,0.9602580630525683,0.0002970175061439666,30
0.05,0.0,redundant_fail_closed,containment_failure_rate,0.001871256025508511,9.046141496520265e-05,30
0.05,0.0,redundant_fail_closed,false_block_rate,0.06948529553740994,0.00031930179939656454,30
0.05,0.0,redundant_fail_closed,benign_success_rate,0.9305147044625901,0.000319301799396566,30
0.05,0.0,single_source,containment_failure_rate,0.03949809092054075,0.000496663871461552,30
0.05,0.0,single_source,false_block_rate,0.036409928395048204,0.00026099106918391876,30
0.05,0.0,single_source,benign_success_rate,0.9635900716049517,0.00026099106918391583,30
0.05,0.0,three_source_diverse,containment_failure_rate,0.005319588885822295,0.0001512693008800889,30
0.05,0.0,three_source_diverse,false_block_rate,0.009972760965984572,0.0001609952160900194,30
0.05,0.0,three_source_diverse,benign_success_rate,0.9900272390340153,0.00016099521609002084,30
0.05,0.25,correlation_aware,containment_failure_rate,0.0032165016795949594,0.00010075160865739473,30
0.05,0.25,correlation_aware,false_block_rate,0.04699992818745702,0.00032395597370043637,30
0.05,0.25,correlation_aware,benign_success_rate,0.9530000718125429,0.0003239559737004346,30
0.05,0.25,redundant_fail_closed,containment_failure_rate,0.010927240482538365,0.00024363309544471739,30
0.05,0.25,redundant_fail_closed,false_block_rate,0.06139627938048611,0.0002938709615671451,30
0.05,0.25,redundant_fail_closed,benign_success_rate,0.9386037206195138,0.0002938709615671434,30
0.05,0.25,single_source,containment_failure_rate,0.03962202799065499,0.0004557115341038647,30
0.05,0.25,single_source,false_block_rate,0.036480869755099087,0.0002438132869926539,30
0.05,0.25,single_source,benign_success_rate,0.9635191302449011,0.0002438132869926531,30
0.05,0.25,three_source_diverse,containment_failure_rate,0.013601757612048567,0.0002702879962427604,30
0.05,0.25,three_source_diverse,false_block_rate,0.016465000593466696,0.00020371141372029812,30
0.05,0.25,three_source_diverse,benign_success_rate,0.9835349994065333,0.00020371141372029658,30
0.05,0.5,correlation_aware,containment_failure_rate,0.002793279470200322,0.00011187382853991551,30
0.05,0.5,correlation_aware,false_block_rate,0.05432592861904168,0.00033812702570658646,30
0.05,0.5,correlation_aware,benign_success_rate,0.9456740713809583,0.0003381270257065886,30
0.05,0.5,redundant_fail_closed,containment_failure_rate,0.020142641008368784,0.000334903140384273,30
0.05,0.5,redundant_fail_closed,false_block_rate,0.05310351353784929,0.00032131650812691764,30
0.05,0.5,redundant_fail_closed,benign_success_rate,0.9468964864621507,0.0003213165081269185,30
0.05,0.5,single_source,containment_failure_rate,0.03965117672459839,0.0005046746756242677,30
0.05,0.5,single_source,false_block_rate,0.03644542422935119,0.00027251814771062533,30
0.05,0.5,single_source,benign_success_rate,0.9635545757706488,0.0002725181477106238,30
0.05,0.5,three_source_diverse,containment_failure_rate,0.021973103881862726,0.0003576357557610891,30
0.05,0.5,three_source_diverse,false_block_rate,0.022950329512621277,0.000219432215552927,30
0.05,0.5,three_source_diverse,benign_success_rate,0.9770496704873788,0.00021943221555293085,30
0.05,0.75,correlation_aware,containment_failure_rate,0.002339327264682972,8.195340780854234e-05,30
0.05,0.75,correlation_aware,false_block_rate,0.06188967459492133,0.0003180500338842674,30
0.05,0.75,correlation_aware,benign_success_rate,0.9381103254050787,0.00031805003388426655,30
0.05,0.75,redundant_fail_closed,containment_failure_rate,0.029576081270777075,0.0004042646220703451,30
0.05,0.75,redundant_fail_closed,false_block_rate,0.044882213975875926,0.0003158495197208098,30
0.05,0.75,redundant_fail_closed,benign_success_rate,0.955117786024124,0.0003158495197208122,30
0.05,0.75,single_source,containment_failure_rate,0.039515544732710024,0.0004844865321899423,30
0.05,0.75,single_source,false_block_rate,0.03646884963125785,0.0002818970697775534,30
0.05,0.75,single_source,benign_success_rate,0.9635311503687423,0.00028189706977755816,30
0.05,0.75,three_source_diverse,containment_failure_rate,0.03049386905887915,0.000408364717319654,30
0.05,0.75,three_source_diverse,false_block_rate,0.029708961916072467,0.00021169867407627092,30
0.05,0.75,three_source_diverse,benign_success_rate,0.9702910380839274,0.00021169867407626986,30
0.05,1.0,correlation_aware,containment_failure_rate,0.001888616531257128,0.00010034090145179599,30
0.05,1.0,correlation_aware,false_block_rate,0.06943277871260439,0.0003238944747974849,30
0.05,1.0,correlation_aware,benign_success_rate,0.9305672212873953,0.00032389447479748434,30
0.05,1.0,redundant_fail_closed,containment_failure_rate,0.039554880135031875,0.0004149315124217309,30
0.05,1.0,redundant_fail_closed,false_block_rate,0.03645436789479039,0.00021790173958917598,30
0.05,1.0,redundant_fail_closed,benign_success_rate,0.9635456321052096,0.0002179017395891729,30
0.05,1.0,single_source,containment_failure_rate,0.039554880135031875,0.0004149315124217309,30
0.05,1.0,single_source,false_block_rate,0.03645436789479039,0.00021790173958917598,30
0.05,1.0,single_source,benign_success_rate,0.9635456321052096,0.0002179017395891729,30
0.05,1.0,three_source_diverse,containment_failure_rate,0.039554880135031875,0.0004149315124217309,30
0.05,1.0,three_source_diverse,false_block_rate,0.03645436789479039,0.00021790173958917598,30
0.05,1.0,three_source_diverse,benign_success_rate,0.9635456321052096,0.0002179017395891729,30
0.1,0.0,correlation_aware,containment_failure_rate,0.012717567770859122,0.00021574850374007215,30
0.1,0.0,correlation_aware,false_block_rate,0.08222483561851988,0.000398176599932889,30
0.1,0.0,correlation_aware,benign_success_rate,0.9177751643814801,0.0003981765999328892,30
0.1,0.0,redundant_fail_closed,containment_failure_rate,0.006653722560125395,0.00014860415983650104,30
0.1,0.0,redundant_fail_closed,false_block_rate,0.12863670435886357,0.0004298909955303563,30
0.1,0.0,redundant_fail_closed,benign_success_rate,0.8713632956411365,0.00042989099553035405,30
0.1,0.0,single_source,containment_failure_rate,0.0757593755109812,0.0007224153260801239,30
0.1,0.0,single_source,false_block_rate,0.07105506748899085,0.0003779337697839374,30
0.1,0.0,single_source,benign_success_rate,0.9289449325110092,0.00037793376978393896,30
0.1,0.0,three_source_diverse,containment_failure_rate,0.018746208370877673,0.00023189710466794608,30
0.1,0.0,three_source_diverse,false_block_rate,0.03543896508744708,0.0002807372306887144,30
0.1,0.0,three_source_diverse,benign_success_rate,0.9645610349125527,0.0002807372306887146,30
0.1,0.25,correlation_aware,containment_failure_rate,0.011318019351116586,0.00023873391361696865,30
0.1,0.25,correlation_aware,false_block_rate,0.09344775362612721,0.00040648803164518093,30
0.1,0.25,correlation_aware,benign_success_rate,0.9065522463738728,0.00040648803164517833,30
0.1,0.25,redundant_fail_closed,containment_failure_rate,0.022425661489743193,0.0003770719247344006,30
0.1,0.25,redundant_fail_closed,false_block_rate,0.11484912865279188,0.00034169779955932334,30
0.1,0.25,redundant_fail_closed,benign_success_rate,0.8851508713472079,0.00034169779955932556,30
0.1,0.25,single_source,containment_failure_rate,0.07576512662597103,0.0008117103721031187,30
0.1,0.25,single_source,false_block_rate,0.07113373768205415,0.0003228947927093828,30
0.1,0.25,single_source,benign_success_rate,0.9288662623179459,0.0003228947927093843,30
0.1,0.25,three_source_diverse,containment_failure_rate,0.031725874827776626,0.00040499662366738143,30
0.1,0.25,three_source_diverse,false_block_rate,0.044049722047056615,0.000274020284847593,30
0.1,0.25,three_source_diverse,benign_success_rate,0.9559502779529434,0.00027402028484759504,30
0.1,0.5,correlation_aware,containment_failure_rate,0.009869192273474178,0.00022502293142670962,30
0.1,0.5,correlation_aware,false_block_rate,0.10485553194577514,0.0004592777697515222,30
0.1,0.5,correlation_aware,benign_success_rate,0.895144468054225,0.00045927776975152366,30
0.1,0.5,redundant_fail_closed,containment_failure_rate,0.03942242860279712,0.0004993923220865395,30
0.1,0.5,redundant_fail_closed,false_block_rate,0.10054784336240448,0.0003378947865967675,30
0.1,0.5,redundant_fail_closed,benign_success_rate,0.8994521566375955,0.0003378947865967682,30
0.1,0.5,single_source,containment_failure_rate,0.07584371504151344,0.0008205161157430359,30
0.1,0.5,single_source,false_block_rate,0.07107934230871392,0.00032572613806667585,30
0.1,0.5,single_source,benign_success_rate,0.9289206576912862,0.0003257261380666784,30
0.1,0.5,three_source_diverse,containment_failure_rate,0.045802180854696485,0.0005433093088401204,30
0.1,0.5,three_source_diverse,false_block_rate,0.05279093318467947,0.0003070579049588943,30
0.1,0.5,three_source_diverse,benign_success_rate,0.9472090668153206,0.0003070579049588904,30
0.1,0.75,correlation_aware,containment_failure_rate,0.00829201732036294,0.00019621523936469554,30
0.1,0.75,correlation_aware,false_block_rate,0.11669882915077731,0.00044938670698049213,30
0.1,0.75,correlation_aware,benign_success_rate,0.8833011708492227,0.0004493867069804918,30
0.1,0.75,redundant_fail_closed,containment_failure_rate,0.056892005235126185,0.0005681880853396556,30
0.1,0.75,redundant_fail_closed,false_block_rate,0.08612071362698784,0.000371354909747768,30
0.1,0.75,redundant_fail_closed,benign_success_rate,0.9138792863730122,0.0003713549097477654,30
0.1,0.75,single_source,containment_failure_rate,0.07558078900561353,0.0006963050351606658,30
0.1,0.75,single_source,false_block_rate,0.0711041207251705,0.0003425869674510585,30
0.1,0.75,single_source,benign_success_rate,0.9288958792748296,0.0003425869674510615,30
0.1,0.75,three_source_diverse,containment_failure_rate,0.060133985160979106,0.0006064404101512886,30
0.1,0.75,three_source_diverse,false_block_rate,0.06187308119177918,0.00031403874574902546,30
0.1,0.75,three_source_diverse,benign_success_rate,0.9381269188082209,0.00031403874574903034,30
0.1,1.0,correlation_aware,containment_failure_rate,0.0067197961600273,0.00019554507467856573,30
0.1,1.0,correlation_aware,false_block_rate,0.1287388646546181,0.00044676977169309594,30
0.1,1.0,correlation_aware,benign_success_rate,0.8712611353453816,0.0004467697716930935,30
0.1,1.0,redundant_fail_closed,containment_failure_rate,0.0756970797363224,0.0006004189959784374,30
0.1,1.0,redundant_fail_closed,false_block_rate,0.0710808078320963,0.00030548620545252695,30
0.1,1.0,redundant_fail_closed,benign_success_rate,0.9289191921679035,0.00030548620545252895,30
0.1,1.0,single_source,containment_failure_rate,0.0756970797363224,0.0006004189959784374,30
0.1,1.0,single_source,false_block_rate,0.0710808078320963,0.00030548620545252695,30
0.1,1.0,single_source,benign_success_rate,0.9289191921679035,0.00030548620545252895,30
0.1,1.0,three_source_diverse,containment_failure_rate,0.0756970797363224,0.0006004189959784374,30
0.1,1.0,three_source_diverse,false_block_rate,0.0710808078320963,0.00030548620545252695,30
0.1,1.0,three_source_diverse,benign_success_rate,0.9289191921679035,0.00030548620545252895,30
0.2,0.0,correlation_aware,containment_failure_rate,0.03940138428647658,0.00047636435066128675,30
0.2,0.0,correlation_aware,false_block_rate,0.16561535341751574,0.0005725010975880071,30
0.2,0.0,correlation_aware,benign_success_rate,0.8343846465824843,0.0005725010975880052,30
0.2,0.0,redundant_fail_closed,containment_failure_rate,0.021665058969956724,0.0003629756128230662,30
0.2,0.0,redundant_fail_closed,false_block_rate,0.22087434919857127,0.0004819599259037709,30
0.2,0.0,redundant_fail_closed,benign_success_rate,0.7791256508014288,0.0004819599259037732,30
0.2,0.0,single_source,containment_failure_rate,0.13905251737681873,0.0008614176833943056,30
0.2,0.0,single_source,false_block_rate,0.13482264273742411,0.000453862281854177,30
0.2,0.0,single_source,benign_success_rate,0.8651773572625759,0.00045386228185417723,30
0.2,0.0,three_source_diverse,containment_failure_rate,0.05764485549769858,0.0006291610625193407,30
0.2,0.0,three_source_diverse,false_block_rate,0.1105141806563539,0.0004313503105617965,30
0.2,0.0,three_source_diverse,benign_success_rate,0.8894858193436462,0.00043135031056179736,30
0.2,0.25,correlation_aware,containment_failure_rate,0.03561711886889711,0.0004558773918096133,30
0.2,0.25,correlation_aware,false_block_rate,0.17823683135711418,0.000543529307227537,30
0.2,0.25,correlation_aware,benign_success_rate,0.8217631686428858,0.0005435293072275365,30
0.2,0.25,redundant_fail_closed,containment_failure_rate,0.046232893567886256,0.00041818187082802037,30
0.2,0.25,redundant_fail_closed,false_block_rate,0.20119488432503346,0.000476540687262582,30
0.2,0.25,redundant_fail_closed,benign_success_rate,0.7988051156749664,0.00047654068726258225,30
0.2,0.25,single_source,containment_failure_rate,0.13881571957249844,0.0008438308333025945,30
0.2,0.25,single_source,false_block_rate,0.13485675423628965,0.00047881141535895106,30
0.2,0.25,single_source,benign_success_rate,0.8651432457637103,0.00047881141535894905,30
0.2,0.25,three_source_diverse,containment_failure_rate,0.07462169930577373,0.0006466321233324535,30
0.2,0.25,three_source_diverse,false_block_rate,0.11624337606776337,0.000404719355259499,30
0.2,0.25,three_source_diverse,benign_success_rate,0.8837566239322369,0.0004047193552594998,30
0.2,0.5,correlation_aware,containment_failure_rate,0.03127418254438107,0.0003860000165564321,30
0.2,0.5,correlation_aware,false_block_rate,0.19156724843564296,0.0006084477688752201,30
0.2,0.5,correlation_aware,benign_success_rate,0.808432751564357,0.0006084477688752179,30
0.2,0.5,redundant_fail_closed,containment_failure_rate,0.07415382750966007,0.0005260687907134625,30
0.2,0.5,redundant_fail_closed,false_block_rate,0.18012824217556608,0.00047068260860878906,30
0.2,0.5,redundant_fail_closed,benign_success_rate,0.8198717578244339,0.0004706826086087904,30
0.2,0.5,single_source,containment_failure_rate,0.13895727008959227,0.000839145602700022,30
0.2,0.5,single_source,false_block_rate,0.13474470578505204,0.0004319730398939173,30
0.2,0.5,single_source,benign_success_rate,0.8652552942149481,0.0004319730398939143,30
0.2,0.5,three_source_diverse,containment_failure_rate,0.09398788604230277,0.0006085477182169148,30
0.2,0.5,three_source_diverse,false_block_rate,0.12197255730530542,0.00044052338008533333,30
0.2,0.5,three_source_diverse,benign_success_rate,0.8780274426946945,0.000440523380085333,30
0.2,0.75,correlation_aware,containment_failure_rate,0.026574741881235642,0.0004356711032052397,30
0.2,0.75,correlation_aware,false_block_rate,0.20581645823218303,0.0005687528008060352,30
0.2,0.75,correlation_aware,benign_success_rate,0.794183541767817,0.0005687528008060336,30
0.2,0.75,redundant_fail_closed,containment_failure_rate,0.10463481004784142,0.0007028566009032221,30
0.2,0.75,redundant_fail_closed,false_block_rate,0.15819552729617137,0.00046972244483818555,30
0.2,0.75,redundant_fail_closed,benign_success_rate,0.8418044727038289,0.0004697224448381823,30
0.2,0.75,single_source,containment_failure_rate,0.1387009095589357,0.0009198332114930844,30
0.2,0.75,single_source,false_block_rate,0.13481292698911193,0.00041950497659157395,30
0.2,0.75,single_source,benign_success_rate,0.865187073010888,0.0004195049765915762,30
0.2,0.75,three_source_diverse,containment_failure_rate,0.11493676295613914,0.0007815409373898441,30
0.2,0.75,three_source_diverse,false_block_rate,0.12824244348106192,0.00045848271203123,30
0.2,0.75,three_source_diverse,benign_success_rate,0.8717575565189382,0.00045848271203123364,30
0.2,1.0,correlation_aware,containment_failure_rate,0.02163988624615517,0.0003766255760894985,30
0.2,1.0,correlation_aware,false_block_rate,0.22073040926997656,0.0005618030393187059,30
0.2,1.0,correlation_aware,benign_success_rate,0.7792695907300234,0.0005618030393187069,30
0.2,1.0,redundant_fail_closed,containment_failure_rate,0.13881305745275938,0.0007519607612415328,30
0.2,1.0,redundant_fail_closed,false_block_rate,0.13469720284875164,0.0003906646889165496,30
0.2,1.0,redundant_fail_closed,benign_success_rate,0.8653027971512485,0.0003906646889165458,30
0.2,1.0,single_source,containment_failure_rate,0.13881305745275938,0.0007519607612415328,30
0.2,1.0,single_source,false_block_rate,0.13469720284875164,0.0003906646889165496,30
0.2,1.0,single_source,benign_success_rate,0.8653027971512485,0.0003906646889165458,30
0.2,1.0,three_source_diverse,containment_failure_rate,0.13881305745275938,0.0007519607612415328,30
0.2,1.0,three_source_diverse,false_block_rate,0.13469720284875164,0.0003906646889165496,30
0.2,1.0,three_source_diverse,benign_success_rate,0.8653027971512485,0.0003906646889165458,30
