volatility,delay_steps,seed,approval_expiry_rate,fixed_window_verdict_age,fixed_window_revalidation_count,progressive_revalidation_count,adaptive_window_size,volatility_level
0.005,0,0,0.0,0,0,0,1,0.005
0.005,0,1,0.0,0,0,0,1,0.005
0.005,0,2,0.0,0,0,0,1,0.005
0.005,0,3,0.0,0,0,0,1,0.005
0.005,0,4,0.0,0,0,0,1,0.005
0.005,0,5,0.0,0,0,0,1,0.005
0.005,0,6,0.0,0,0,0,1,0.005
0.005,0,7,0.0,0,0,0,1,0.005
0.005,0,8,0.0,0,0,0,1,0.005
0.005,0,9,0.0,0,0,0,1,0.005
0.005,0,10,0.0,0,0,0,1,0.005
0.005,0,11,0.0,0,0,0,1,0.005
0.005,0,12,0.0,0,0,0,1,0.005
0.005,0,13,0.0,0,0,0,1,0.005
0.005,0,14,0.0,0,0,0,1,0.005
0.005,0,15,0.0,0,0,0,1,0.005
0.005,0,16,0.0,0,0,0,1,0.005
0.005,0,17,0.0,0,0,0,1,0.005
0.005,0,18,0.0,0,0,0,1,0.005
0.005,0,19,0.0,0,0,0,1,0.005
0.005,0,20,0.0,0,0,0,1,0.005
0.005,0,21,0.0,0,0,0,1,0.005
0.005,0,22,0.0,0,0,0,1,0.005
0.005,0,23,0.0,0,0,0,1,0.005
0.005,0,24,0.0,0,0,0,1,0.005
0.005,0,25,0.0,0,0,0,1,0.005
0.005,0,26,0.0,0,0,0,1,0.005
0.005,0,27,0.0,0,0,0,1,0.005
0.005,0,28,0.0,0,0,0,1,0.005
0.005,0,29,0.0,0,0,0,1,0.005
0.005,1,0,0.003780140365506219,1,0,0,1,0.005
0.005,1,1,0.003787878787878788,1,0,0,1,0.005
0.005,1,2,0.0036087501741674795,1,0,0,1,0.005
0.005,1,3,0.00350306518203428,1,0,0,1,0.005
0.005,1,4,0.003436234888218027,1,0,0,1,0.005
0.005,1,5,0.0033577067695253426,1,0,0,1,0.005
0.005,1,6,0.0035432414406402846,1,0,0,1,0.005
0.005,1,7,0.0036785709309292572,1,0,0,1,0.005
0.005,1,8,0.004345411634041372,1,0,0,1,0.005
0.005,1,9,0.0037482820373995252,1,0,0,1,0.005
0.005,1,10,0.0037632474611915107,1,0,0,1,0.005
0.005,1,11,0.0034179958872895015,1,0,0,1,0.005
0.005,1,12,0.0035335689045936395,1,0,0,1,0.005
0.005,1,13,0.004373441787261306,1,0,0,1,0.005
0.005,1,14,0.003487758107995442,1,0,0,1,0.005
0.005,1,15,0.003996880483525054,1,0,0,1,0.005
0.005,1,16,0.0040315318435599394,1,0,0,1,0.005
0.005,1,17,0.0036417719583559205,1,0,0,1,0.005
0.005,1,18,0.003949326250504095,1,0,0,1,0.005
0.005,1,19,0.0037300400944384683,1,0,0,1,0.005
0.005,1,20,0.0037482820373995252,1,0,0,1,0.005
0.005,1,21,0.0037326894790886134,1,0,0,1,0.005
0.005,1,22,0.003717058094694491,1,0,0,1,0.005
0.005,1,23,0.0040627296551532886,1,0,0,1,0.005
0.005,1,24,0.0037994767021098923,1,0,0,1,0.005
0.005,1,25,0.003869303525365434,1,0,0,1,0.005
0.005,1,26,0.003441003441003441,1,0,0,1,0.005
0.005,1,27,0.0038120850025644935,1,0,0,1,0.005
0.005,1,28,0.0037901927028377853,1,0,0,1,0.005
0.005,1,29,0.0032782786259011793,1,0,0,1,0.005
0.005,2,0,0.007601973455631992,2,0,1,1,0.005
0.005,2,1,0.007826426024955436,2,0,1,1,0.005
0.005,2,2,0.007119966559843946,2,0,1,1,0.005
0.005,2,3,0.007089536677926519,2,0,1,1,0.005
0.005,2,4,0.007150707419206745,2,0,1,1,0.005
0.005,2,5,0.0069790351449225095,2,0,1,1,0.005
0.005,2,6,0.007281013783903958,2,0,1,1,0.005
0.005,2,7,0.007217802053868769,2,0,1,1,0.005
0.005,2,8,0.008038317367763432,2,0,1,1,0.005
0.005,2,9,0.007677036913636805,2,0,1,1,0.005
0.005,2,10,0.007830875231744099,2,0,1,1,0.005
0.005,2,11,0.006697048852331462,2,0,1,1,0.005
0.005,2,12,0.007234078072396427,2,0,1,1,0.005
0.005,2,13,0.00800869117094029,2,0,1,1,0.005
0.005,2,14,0.007044993469138204,2,0,1,1,0.005
0.005,2,15,0.00767345347185472,2,0,1,1,0.005
0.005,2,16,0.007855252767348749,2,0,1,1,0.005
0.005,2,17,0.007422542846420082,2,0,1,1,0.005
0.005,2,18,0.00789865250100819,2,0,1,1,0.005
0.005,2,19,0.007557871502214274,2,0,1,1,0.005
0.005,2,20,0.007246678605639082,2,0,1,1,0.005
0.005,2,21,0.007756778508589348,2,0,1,1,0.005
0.005,2,22,0.007113920173741142,2,0,1,1,0.005
0.005,2,23,0.007681748221689153,2,0,1,1,0.005
0.005,2,24,0.007557200912987809,2,0,1,1,0.005
0.005,2,25,0.0070729204227110085,2,0,1,1,0.005
0.005,2,26,0.007464757464757465,2,0,1,1,0.005
0.005,2,27,0.007540997241436671,2,0,1,1,0.005
0.005,2,28,0.0073999000388737714,2,0,1,1,0.005
0.005,2,29,0.006889941518843157,2,0,1,1,0.005
0.005,4,0,0.014717531790702523,1,1,2,1,0.005
0.005,4,1,0.014636252228163994,1,1,2,1,0.005
0.005,4,2,0.014225999721332034,1,1,2,1,0.005
0.005,4,3,0.01484632386671671,1,1,2,1,0.005
0.005,4,4,0.014524004952630041,1,1,2,1,0.005
0.005,4,5,0.014318815645248567,1,1,2,1,0.005
0.005,4,6,0.0148260337927968,1,1,2,1,0.005
0.005,4,7,0.01440773614613959,1,1,2,1,0.005
0.005,4,8,0.014438428432597529,1,1,2,1,0.005
0.005,4,9,0.01478489025863146,1,1,2,1,0.005
0.005,4,10,0.014665596723761033,1,1,2,1,0.005
0.005,4,11,0.01361640638025899,1,1,2,1,0.005
0.005,4,12,0.014495979521994379,1,1,2,1,0.005
0.005,4,13,0.014777776230204605,1,1,2,1,0.005
0.005,4,14,0.014465164105271934,1,1,2,1,0.005
0.005,4,15,0.014761997604656992,1,1,2,1,0.005
0.005,4,16,0.015225613388564858,1,1,2,1,0.005
0.005,4,17,0.014733886549073573,1,1,2,1,0.005
0.005,4,18,0.015338404416570483,1,1,2,1,0.005
0.005,4,19,0.015003981503471592,1,1,2,1,0.005
0.005,4,20,0.014174059111795983,1,1,2,1,0.005
0.005,4,21,0.014791996225682013,1,1,2,1,0.005
0.005,4,22,0.014701173588005179,1,1,2,1,0.005
0.005,4,23,0.015418960329455483,1,1,2,1,0.005
0.005,4,24,0.01484996938150643,1,1,2,1,0.005
0.005,4,25,0.01421518320250742,1,1,2,1,0.005
0.005,4,26,0.01461038961038961,1,1,2,1,0.005
0.005,4,27,0.014541371518873285,1,1,2,1,0.005
0.005,4,28,0.014466596323651913,1,1,2,1,0.005
0.005,4,29,0.013835447082193112,1,1,2,1,0.005
0.005,8,0,0.028100896393579322,2,2,4,1,0.005
0.005,8,1,0.028548351158645277,2,2,4,1,0.005
0.005,8,2,0.028312665459105477,2,2,4,1,0.005
0.005,8,3,0.028844683542544172,2,2,4,1,0.005
0.005,8,4,0.028477622737580168,2,2,4,1,0.005
0.005,8,5,0.028609881647773786,2,2,4,1,0.005
0.005,8,6,0.028818363717207647,2,2,4,1,0.005
0.005,8,7,0.029108085889057646,2,2,4,1,0.005
0.005,8,8,0.028113286130778844,2,2,4,1,0.005
0.005,8,9,0.028139880332625326,2,2,4,1,0.005
0.005,8,10,0.028390381582224188,2,2,4,1,0.005
0.005,8,11,0.026232423720335685,2,2,4,1,0.005
0.005,8,12,0.02846331487715979,2,2,4,1,0.005
0.005,8,13,0.028928785325292142,2,2,4,1,0.005
0.005,8,14,0.028888641858655476,2,2,4,1,0.005
0.005,8,15,0.028521293485224076,2,2,4,1,0.005
0.005,8,16,0.028470096008644936,2,2,4,1,0.005
0.005,8,17,0.02843918101830616,2,2,4,1,0.005
0.005,8,18,0.028410118062605166,2,2,4,1,0.005
0.005,8,19,0.02908593062404828,2,2,4,1,0.005
0.005,8,20,0.027584579290047616,2,2,4,1,0.005
0.005,8,21,0.02880692698359837,2,2,4,1,0.005
0.005,8,22,0.028427837563169106,2,2,4,1,0.005
0.005,8,23,0.028993746446844798,2,2,4,1,0.005
0.005,8,24,0.02846128152313088,2,2,4,1,0.005
0.005,8,25,0.027944969905417026,2,2,4,1,0.005
0.005,8,26,0.027916527916527916,2,2,4,1,0.005
0.005,8,27,0.028278739655387516,2,2,4,1,0.005
0.005,8,28,0.029210862442383516,2,2,4,1,0.005
0.005,8,29,0.028045951464807123,2,2,4,1,0.005
0.005,16,0,0.05306094086581892,1,5,8,1,0.005
0.005,16,1,0.0535873440285205,1,5,8,1,0.005
0.005,16,2,0.05395011843388602,1,5,8,1,0.005
0.005,16,3,0.053129821927519916,1,5,8,1,0.005
0.005,16,4,0.053685953172604724,1,5,8,1,0.005
0.005,16,5,0.054000804739638975,1,5,8,1,0.005
0.005,16,6,0.05359326367274344,1,5,8,1,0.005
0.005,16,7,0.05529003581033065,1,5,8,1,0.005
0.005,16,8,0.053630431764542554,1,5,8,1,0.005
0.005,16,9,0.05285077672733331,1,5,8,1,0.005
0.005,16,10,0.05225656492985417,1,5,8,1,0.005
0.005,16,11,0.051853498582782195,1,5,8,1,0.005
0.005,16,12,0.053087003700509165,1,5,8,1,0.005
0.005,16,13,0.05372090755881165,1,5,8,1,0.005
0.005,16,14,0.05431731651057444,1,5,8,1,0.005
0.005,16,15,0.0534356460462914,1,5,8,1,0.005
0.005,16,16,0.052797827683185326,1,5,8,1,0.005
0.005,16,17,0.05309759114854816,1,5,8,1,0.005
0.005,16,18,0.05360793202708904,1,5,8,1,0.005
0.005,16,19,0.05512636034701946,1,5,8,1,0.005
0.005,16,20,0.05258700873210889,1,5,8,1,0.005
0.005,16,21,0.054297449560125444,1,5,8,1,0.005
0.005,16,22,0.0537790090629394,1,5,8,1,0.005
0.005,16,23,0.054687391672097505,1,5,8,1,0.005
0.005,16,24,0.05342927127985303,1,5,8,1,0.005
0.005,16,25,0.05286661304191052,1,5,8,1,0.005
0.005,16,26,0.05384892884892885,1,5,8,1,0.005
0.005,16,27,0.05309194749026185,1,5,8,1,0.005
0.005,16,28,0.05427056144832565,1,5,8,1,0.005
0.005,16,29,0.05393879620497576,1,5,8,1,0.005
0.01,0,0,0.0,0,0,0,1,0.01
0.01,0,1,0.0,0,0,0,1,0.01
0.01,0,2,0.0,0,0,0,1,0.01
0.01,0,3,0.0,0,0,0,1,0.01
0.01,0,4,0.0,0,0,0,1,0.01
0.01,0,5,0.0,0,0,0,1,0.01
0.01,0,6,0.0,0,0,0,1,0.01
0.01,0,7,0.0,0,0,0,1,0.01
0.01,0,8,0.0,0,0,0,1,0.01
0.01,0,9,0.0,0,0,0,1,0.01
0.01,0,10,0.0,0,0,0,1,0.01
0.01,0,11,0.0,0,0,0,1,0.01
0.01,0,12,0.0,0,0,0,1,0.01
0.01,0,13,0.0,0,0,0,1,0.01
0.01,0,14,0.0,0,0,0,1,0.01
0.01,0,15,0.0,0,0,0,1,0.01
0.01,0,16,0.0,0,0,0,1,0.01
0.01,0,17,0.0,0,0,0,1,0.01
0.01,0,18,0.0,0,0,0,1,0.01
0.01,0,19,0.0,0,0,0,1,0.01
0.01,0,20,0.0,0,0,0,1,0.01
0.01,0,21,0.0,0,0,0,1,0.01
0.01,0,22,0.0,0,0,0,1,0.01
0.01,0,23,0.0,0,0,0,1,0.01
0.01,0,24,0.0,0,0,0,1,0.01
0.01,0,25,0.0,0,0,0,1,0.01
0.01,0,26,0.0,0,0,0,1,0.01
0.01,0,27,0.0,0,0,0,1,0.01
0.01,0,28,0.0,0,0,0,1,0.01
0.01,0,29,0.0,0,0,0,1,0.01
0.01,1,0,0.0073935098325342225,1,0,0,1,0.01
0.01,1,1,0.007937834224598931,1,0,0,1,0.01
0.01,1,2,0.006938832381217779,1,0,0,1,0.01
0.01,1,3,0.0070617345733071995,1,0,0,1,0.01
0.01,1,4,0.007122883654929676,1,0,0,1,0.01
0.01,1,5,0.007090033715815909,1,0,0,1,0.01
0.01,1,6,0.007294908848377056,1,0,0,1,0.01
0.01,1,7,0.0075243496314462074,1,0,0,1,0.01
0.01,1,8,0.008052200472025544,1,0,0,1,0.01
0.01,1,9,0.007732567017894576,1,0,0,1,0.01
0.01,1,10,0.007401975704917125,1,0,0,1,0.01
0.01,1,11,0.007308397710220641,1,0,0,1,0.01
0.01,1,12,0.00701149105478423,1,0,0,1,0.01
0.01,1,13,0.008161900915080017,1,0,0,1,0.01
0.01,1,14,0.007156157074173915,1,0,0,1,0.01
0.01,1,15,0.008188730746734256,1,0,0,1,0.01
0.01,1,16,0.0078829608899849,1,0,0,1,0.01
0.01,1,17,0.007561541776128324,1,0,0,1,0.01
0.01,1,18,0.007634437012418128,1,0,0,1,0.01
0.01,1,19,0.007334348500300359,1,0,0,1,0.01
0.01,1,20,0.007427151444476837,1,0,0,1,0.01
0.01,1,21,0.007992673382732495,1,0,0,1,0.01
0.01,1,22,0.007698625941445894,1,0,0,1,0.01
0.01,1,23,0.007543088506496208,1,0,0,1,0.01
0.01,1,24,0.007209263486054668,1,0,0,1,0.01
0.01,1,25,0.007946634121987074,1,0,0,1,0.01
0.01,1,26,0.007215007215007215,1,0,0,1,0.01
0.01,1,27,0.007624170005128987,1,0,0,1,0.01
0.01,1,28,0.007580385405675571,1,0,0,1,0.01
0.01,1,29,0.007431690952784453,1,0,0,1,0.01
0.01,2,0,0.014967688138419847,2,0,1,1,0.01
0.01,2,1,0.015638926024955438,2,0,1,1,0.01
0.01,2,2,0.01383586456736798,2,0,1,1,0.01
0.01,2,3,0.014373688088188275,2,0,1,1,0.01
0.01,2,4,0.014259679191997885,2,0,1,1,0.01
0.01,2,5,0.014402064573418617,2,0,1,1,0.01
0.01,2,6,0.014450867052023121,2,0,1,1,0.01
0.01,2,7,0.014630679838923182,2,0,1,1,0.01
0.01,2,8,0.015201999167013744,2,0,1,1,0.01
0.01,2,9,0.015381838879402495,2,0,1,1,0.01
0.01,2,10,0.015205179999446582,2,0,1,1,0.01
0.01,2,11,0.014241649530372923,2,0,1,1,0.01
0.01,2,12,0.013842130157758549,2,0,1,1,0.01
0.01,2,13,0.0153627588896472,2,0,1,1,0.01
0.01,2,14,0.014326209598977294,2,0,1,1,0.01
0.01,2,15,0.014956967384341142,2,0,1,1,0.01
0.01,2,16,0.015100926836702179,2,0,1,1,0.01
0.01,2,17,0.015136983445227471,2,0,1,1,0.01
0.01,2,18,0.014809973439390358,2,0,1,1,0.01
0.01,2,19,0.014962070940612733,2,0,1,1,0.01
0.01,2,20,0.014299001846375966,2,0,1,1,0.01
0.01,2,21,0.015596814031582161,2,0,1,1,0.01
0.01,2,22,0.014812546115187036,2,0,1,1,0.01
0.01,2,23,0.015072311041473122,2,0,1,1,0.01
0.01,2,24,0.014209764515949451,2,0,1,1,0.01
0.01,2,25,0.014506421102266109,2,0,1,1,0.01
0.01,2,26,0.015498390498390498,2,0,1,1,0.01
0.01,2,27,0.014929511082770762,2,0,1,1,0.01
0.01,2,28,0.014674848669961682,2,0,1,1,0.01
0.01,2,29,0.014696689772048507,2,0,1,1,0.01
0.01,4,0,0.028656799388506706,1,1,2,1,0.01
0.01,4,1,0.02928643048128342,1,1,2,1,0.01
0.01,4,2,0.027337327574195346,1,1,2,1,0.01
0.01,4,3,0.028358146711706077,1,1,2,1,0.01
0.01,4,4,0.027976794980592926,1,1,2,1,0.01
0.01,4,5,0.02848500825551871,1,1,2,1,0.01
0.01,4,6,0.02829035126722988,1,1,2,1,0.01
0.01,4,7,0.028411386849108922,1,1,2,1,0.01
0.01,4,8,0.028835207552408718,1,1,2,1,0.01
0.01,4,9,0.02852859106242972,1,1,2,1,0.01
0.01,4,10,0.028902293920695096,1,1,2,1,0.01
0.01,4,11,0.027621852942811092,1,1,2,1,0.01
0.01,4,12,0.027725995381319386,1,1,2,1,0.01
0.01,4,13,0.028775575581152416,1,1,2,1,0.01
0.01,4,14,0.028735791901731374,1,1,2,1,0.01
0.01,4,15,0.028660557613569896,1,1,2,1,0.01
0.01,4,16,0.029730815588589796,1,1,2,1,0.01
0.01,4,17,0.029273174596555606,1,1,2,1,0.01
0.01,4,18,0.02893854903978529,1,1,2,1,0.01
0.01,4,19,0.0290999008116679,1,1,2,1,0.01
0.01,4,20,0.027681756972498715,1,1,2,1,0.01
0.01,4,21,0.029611744789498514,1,1,2,1,0.01
0.01,4,22,0.029583327532680875,1,1,2,1,0.01
0.01,4,23,0.029728642937367405,1,1,2,1,0.01
0.01,4,24,0.028169014084507043,1,1,2,1,0.01
0.01,4,25,0.027723074362743738,1,1,2,1,0.01
0.01,4,26,0.028887778887778888,1,1,2,1,0.01
0.01,4,27,0.028833224746669623,1,1,2,1,0.01
0.01,4,28,0.028836008219025936,1,1,2,1,0.01
0.01,4,29,0.027782022253399825,1,1,2,1,0.01
0.01,8,0,0.05317212146480439,2,2,4,1,0.01
0.01,8,1,0.054924242424242424,2,2,4,1,0.01
0.01,8,2,0.05269611258185872,2,2,4,1,0.01
0.01,8,3,0.05332443665985515,2,2,4,1,0.01
0.01,8,4,0.05393636705109834,2,2,4,1,0.01
0.01,8,5,0.05394530545419228,2,2,4,1,0.01
0.01,8,6,0.05374610938194753,2,2,4,1,0.01
0.01,8,7,0.054537600847186035,2,2,4,1,0.01
0.01,8,8,0.054380119394696655,2,2,4,1,0.01
0.01,8,9,0.05287854177946219,2,2,4,1,0.01
0.01,8,10,0.05413818866044993,2,2,4,1,0.01
0.01,8,11,0.051797921413883175,2,2,4,1,0.01
0.01,8,12,0.05325394396371832,2,2,4,1,0.01
0.01,8,13,0.053316990960625095,2,2,4,1,0.01
0.01,8,14,0.05442848011561015,2,2,4,1,0.01
0.01,8,15,0.05273932540456229,2,2,4,1,0.01
0.01,8,16,0.05476510439035203,2,2,4,1,0.01
0.01,8,17,0.054167882907301616,2,2,4,1,0.01
0.01,8,18,0.053746992810557497,2,2,4,1,0.01
0.01,8,19,0.054441821153658095,2,2,4,1,0.01
0.01,8,20,0.05308677967042883,2,2,4,1,0.01
0.01,8,21,0.05482474398468071,2,2,4,1,0.01
0.01,8,22,0.054767440241678386,2,2,4,1,0.01
0.01,8,23,0.05533909233350435,2,2,4,1,0.01
0.01,8,24,0.05251071647274954,2,2,4,1,0.01
0.01,8,25,0.05246442737081519,2,2,4,1,0.01
0.01,8,26,0.05432067932067932,2,2,4,1,0.01
0.01,8,27,0.05388208874533886,2,2,4,1,0.01
0.01,8,28,0.0553951241183984,2,2,4,1,0.01
0.01,8,29,0.05342482879328787,2,2,4,1,0.01
0.01,16,0,0.09664373566812591,1,5,8,1,0.01
0.01,16,1,0.09813669786096256,1,5,8,1,0.01
0.01,16,2,0.09563884631461614,1,5,8,1,0.01
0.01,16,3,0.09562533883815005,1,5,8,1,0.01
0.01,16,4,0.09639543133790571,1,5,8,1,0.01
0.01,16,5,0.09623576096457759,1,5,8,1,0.01
0.01,16,6,0.09587594486438417,1,5,8,1,0.01
0.01,16,7,0.09631167528251146,1,5,8,1,0.01
0.01,16,8,0.0974455088157712,1,5,8,1,0.01
0.01,16,9,0.09570613468826787,1,5,8,1,0.01
0.01,16,10,0.09405351559257312,1,5,8,1,0.01
0.01,16,11,0.09361974101039293,1,5,8,1,0.01
0.01,16,12,0.0943212487131688,1,5,8,1,0.01
0.01,16,13,0.09512932295221249,1,5,8,1,0.01
0.01,16,14,0.09704582719617597,1,5,8,1,0.01
0.01,16,15,0.09534022226554884,1,5,8,1,0.01
0.01,16,16,0.09539906623626716,1,5,8,1,0.01
0.01,16,17,0.09614555967919047,1,5,8,1,0.01
0.01,16,18,0.09664724451057558,1,5,8,1,0.01
0.01,16,19,0.09758176052304382,1,5,8,1,0.01
0.01,16,20,0.09523412880207682,1,5,8,1,0.01
0.01,16,21,0.09670302222962285,1,5,8,1,0.01
0.01,16,22,0.09715860840027286,1,5,8,1,0.01
0.01,16,23,0.09861478944522248,1,5,8,1,0.01
0.01,16,24,0.09431887769303568,1,5,8,1,0.01
0.01,16,25,0.09537347793526198,1,5,8,1,0.01
0.01,16,26,0.09761072261072261,1,5,8,1,0.01
0.01,16,27,0.09654971651949708,1,5,8,1,0.01
0.01,16,28,0.09725384572666185,1,5,8,1,0.01
0.01,16,29,0.09695925766436539,1,5,8,1,0.01
0.02,0,0,0.0,0,0,0,1,0.02
0.02,0,1,0.0,0,0,0,1,0.02
0.02,0,2,0.0,0,0,0,1,0.02
0.02,0,3,0.0,0,0,0,1,0.02
0.02,0,4,0.0,0,0,0,1,0.02
0.02,0,5,0.0,0,0,0,1,0.02
0.02,0,6,0.0,0,0,0,1,0.02
0.02,0,7,0.0,0,0,0,1,0.02
0.02,0,8,0.0,0,0,0,1,0.02
0.02,0,9,0.0,0,0,0,1,0.02
0.02,0,10,0.0,0,0,0,1,0.02
0.02,0,11,0.0,0,0,0,1,0.02
0.02,0,12,0.0,0,0,0,1,0.02
0.02,0,13,0.0,0,0,0,1,0.02
0.02,0,14,0.0,0,0,0,1,0.02
0.02,0,15,0.0,0,0,0,1,0.02
0.02,0,16,0.0,0,0,0,1,0.02
0.02,0,17,0.0,0,0,0,1,0.02
0.02,0,18,0.0,0,0,0,1,0.02
0.02,0,19,0.0,0,0,0,1,0.02
0.02,0,20,0.0,0,0,0,1,0.02
0.02,0,21,0.0,0,0,0,1,0.02
0.02,0,22,0.0,0,0,0,1,0.02
0.02,0,23,0.0,0,0,0,1,0.02
0.02,0,24,0.0,0,0,0,1,0.02
0.02,0,25,0.0,0,0,0,1,0.02
0.02,0,26,0.0,0,0,0,1,0.02
0.02,0,27,0.0,0,0,0,1,0.02
0.02,0,28,0.0,0,0,0,1,0.02
0.02,0,29,0.0,0,0,0,1,0.02
0.02,1,0,0.014661941491209784,1,0,0,1,0.02
0.02,1,1,0.015137589126559714,1,0,0,1,0.02
0.02,1,2,0.01481120245227811,1,0,0,1,0.02
0.02,1,3,0.014318083878949636,1,0,0,1,0.02
0.02,1,4,0.014537916834768575,1,0,0,1,0.02
0.02,1,5,0.014346565287971918,1,0,0,1,0.02
0.02,1,6,0.014548132503334815,1,0,0,1,0.02
0.02,1,7,0.014756085666113953,1,0,0,1,0.02
0.02,1,8,0.015451895043731779,1,0,0,1,0.02
0.02,1,9,0.015076423305984757,1,0,0,1,0.02
0.02,1,10,0.0143888873516146,1,0,0,1,0.02
0.02,1,11,0.014450063913744234,1,0,0,1,0.02
0.02,1,12,0.014134275618374558,1,0,0,1,0.02
0.02,1,13,0.015112052035600372,1,0,0,1,0.02
0.02,1,14,0.014868132173526387,1,0,0,1,0.02
0.02,1,15,0.01548617107205526,1,0,0,1,0.02
0.02,1,16,0.014976240284839501,1,0,0,1,0.02
0.02,1,17,0.01502578430146088,1,0,0,1,0.02
0.02,1,18,0.015171531476408338,1,0,0,1,0.02
0.02,1,19,0.015269415068244366,1,0,0,1,0.02
0.02,1,20,0.01503477572779143,1,0,0,1,0.02
0.02,1,21,0.01548580467904421,1,0,0,1,0.02
0.02,1,22,0.015244114658016734,1,0,0,1,0.02
0.02,1,23,0.014531538152220635,1,0,0,1,0.02
0.02,1,24,0.0147247119078105,1,0,0,1,0.02
0.02,1,25,0.015740715058386263,1,0,0,1,0.02
0.02,1,26,0.01474913974913975,1,0,0,1,0.02
0.02,1,27,0.014943373210052815,1,0,0,1,0.02
0.02,1,28,0.014522130282667852,1,0,0,1,0.02
0.02,1,29,0.015405131339510204,1,0,0,1,0.02
0.02,2,0,0.029379473281912306,2,0,1,1,0.02
0.02,2,1,0.029397838680926915,2,0,1,1,0.02
0.02,2,2,0.028800334401560542,2,0,1,1,0.02
0.02,2,3,0.028385948816325397,2,0,1,1,0.02
0.02,2,4,0.028533270266134305,2,0,1,1,0.02
0.02,2,5,0.028693130575943835,2,0,1,1,0.02
0.02,2,6,0.028276456202756782,2,0,1,1,0.02
0.02,2,7,0.02803516936753661,2,0,1,1,0.02
0.02,2,8,0.029779258642232402,2,0,1,1,0.02
0.02,2,9,0.02925048241778074,2,0,1,1,0.02
0.02,2,10,0.028680926422977947,2,0,1,1,0.02
0.02,2,11,0.02839993330739732,2,0,1,1,0.02
0.02,2,12,0.0284215798113575,2,0,1,1,0.02
0.02,2,13,0.029040210593757398,2,0,1,1,0.02
0.02,2,14,0.02890253730928494,2,0,1,1,0.02
0.02,2,15,0.028771968916246553,2,0,1,1,0.02
0.02,2,16,0.02912123689059448,2,0,1,1,0.02
0.02,2,17,0.029398273633293025,2,0,1,1,0.02
0.02,2,18,0.02978681981894286,2,0,1,1,0.02
0.02,2,19,0.029491066065017252,2,0,1,1,0.02
0.02,2,20,0.028709063901267474,2,0,1,1,0.02
0.02,2,21,0.02991702050897788,2,0,1,1,0.02
0.02,2,22,0.02915175898985118,2,0,1,1,0.02
0.02,2,23,0.02878575687405538,2,0,1,1,0.02
0.02,2,24,0.02751489172187274,2,0,1,1,0.02
0.02,2,25,0.028901894433195574,2,0,1,1,0.02
0.02,2,26,0.02967865467865468,2,0,1,1,0.02
0.02,2,27,0.029138191546874782,2,0,1,1,0.02
0.02,2,28,0.028377853057144443,2,0,1,1,0.02
0.02,2,29,0.029560071677617414,2,0,1,1,0.02
0.02,4,0,0.05496490862344521,1,1,2,1,0.02
0.02,4,1,0.05439505347593583,1,1,2,1,0.02
0.02,4,2,0.05390831823881845,1,1,2,1,0.02
0.02,4,3,0.053949984013789844,1,1,2,1,0.02
0.02,4,4,0.05285124024429265,1,1,2,1,0.02
0.02,4,5,0.0543754249164042,1,1,2,1,0.02
0.02,4,6,0.05377389951089373,1,1,2,1,0.02
0.02,4,7,0.053520420248860896,1,1,2,1,0.02
0.02,4,8,0.05532417048452034,1,1,2,1,0.02
0.02,4,9,0.053322782613524355,1,1,2,1,0.02
0.02,4,10,0.05397216303716207,1,1,2,1,0.02
0.02,4,11,0.05325682209748235,1,1,2,1,0.02
0.02,4,12,0.05464511282379455,1,1,2,1,0.02
0.02,4,13,0.05413875231555636,1,1,2,1,0.02
0.02,4,14,0.054970402690159244,1,1,2,1,0.02
0.02,4,15,0.05432693646770465,1,1,2,1,0.02
0.02,4,16,0.055111455923303916,1,1,2,1,0.02
0.02,4,17,0.0551964749871426,1,1,2,1,0.02
0.02,4,18,0.05561040730903478,1,1,2,1,0.02
0.02,4,19,0.054930777720344784,1,1,2,1,0.02
0.02,4,20,0.0545722099593242,1,1,2,1,0.02
0.02,4,21,0.0551994005494963,1,1,2,1,0.02
0.02,4,22,0.0549484205983489,1,1,2,1,0.02
0.02,4,23,0.053855433380939836,1,1,2,1,0.02
0.02,4,24,0.05267772643767745,1,1,2,1,0.02
0.02,4,25,0.054308934069286885,1,1,2,1,0.02
0.02,4,26,0.05475080475080475,1,1,2,1,0.02
0.02,4,27,0.05440884958205686,1,1,2,1,0.02
0.02,4,28,0.05347920253234853,1,1,2,1,0.02
0.02,4,29,0.054577782716803955,1,1,2,1,0.02
0.02,8,0,0.09717184351330693,2,2,4,1,0.02
0.02,8,1,0.09686942959001782,2,2,4,1,0.02
0.02,8,2,0.0970461195485579,2,2,4,1,0.02
0.02,8,3,0.09548632831505345,2,2,4,1,0.02
0.02,8,4,0.09660410956998372,2,2,4,1,0.02
0.02,8,5,0.09716537399580981,2,2,4,1,0.02
0.02,8,6,0.09766840818141397,2,2,4,1,0.02
0.02,8,7,0.09597725974333607,2,2,4,1,0.02
0.02,8,8,0.09812578092461474,2,2,4,1,0.02
0.02,8,9,0.09541460164091459,2,2,4,1,0.02
0.02,8,10,0.09682060931403746,2,2,4,1,0.02
0.02,8,11,0.09437003279052965,2,2,4,1,0.02
0.02,8,12,0.09665841239809689,2,2,4,1,0.02
0.02,8,13,0.09600679694137638,2,2,4,1,0.02
0.02,8,14,0.09850484951226968,2,2,4,1,0.02
0.02,8,15,0.09540985432972175,2,2,4,1,0.02
0.02,8,16,0.09696457516520968,2,2,4,1,0.02
0.02,8,17,0.09859194084205551,2,2,4,1,0.02
0.02,8,18,0.0962578743168639,2,2,4,1,0.02
0.02,8,19,0.09753984996018497,2,2,4,1,0.02
0.02,8,20,0.09667791151277887,2,2,4,1,0.02
0.02,8,21,0.09766047789526268,2,2,4,1,0.02
0.02,8,22,0.09793821609054587,2,2,4,1,0.02
0.02,8,23,0.09621597637238453,2,2,4,1,0.02
0.02,8,24,0.09500083504982464,2,2,4,1,0.02
0.02,8,25,0.09653842953429673,2,2,4,1,0.02
0.02,8,26,0.09769397269397269,2,2,4,1,0.02
0.02,8,27,0.09714578799262535,2,2,4,1,0.02
0.02,8,28,0.09646248681068473,2,2,4,1,0.02
0.02,8,29,0.09737598799816638,2,2,4,1,0.02
0.02,16,0,0.1585018414286707,1,5,8,1,0.02
0.02,16,1,0.15861742424242425,1,5,8,1,0.02
0.02,16,2,0.1582416051274906,1,5,8,1,0.02
0.02,16,3,0.15695678162836926,1,5,8,1,0.02
0.02,16,4,0.15849807320432382,1,5,8,1,0.02
0.02,16,5,0.1578122181676911,1,5,8,1,0.02
0.02,16,6,0.15700033348154735,1,5,8,1,0.02
0.02,16,7,0.15816461604915907,1,5,8,1,0.02
0.02,16,8,0.15776759683465222,1,5,8,1,0.02
0.02,16,9,0.15663654158510681,1,5,8,1,0.02
0.02,16,10,0.1555521735521182,1,5,8,1,0.02
0.02,16,11,0.15553270716389708,1,5,8,1,0.02
0.02,16,12,0.15800895912745888,1,5,8,1,0.02
0.02,16,13,0.157443904341407,1,5,8,1,0.02
0.02,16,14,0.160575827474085,1,5,8,1,0.02
0.02,16,15,0.15600367657298833,1,5,8,1,0.02
0.02,16,16,0.1566340172621604,1,5,8,1,0.02
0.02,16,17,0.15858387890413245,1,5,8,1,0.02
0.02,16,18,0.15859882354577184,1,5,8,1,0.02
0.02,16,19,0.15899470529889217,1,5,8,1,0.02
0.02,16,20,0.15690030958033124,1,5,8,1,0.02
0.02,16,21,0.1577026614492271,1,5,8,1,0.02
0.02,16,22,0.16034859601007923,1,5,8,1,0.02
0.02,16,23,0.15775315797501352,1,5,8,1,0.02
0.02,16,24,0.1557785447865056,1,5,8,1,0.02
0.02,16,25,0.15749036141236514,1,5,8,1,0.02
0.02,16,26,0.15878565878565878,1,5,8,1,0.02
0.02,16,27,0.15813914803365725,1,5,8,1,0.02
0.02,16,28,0.15831343366468595,1,5,8,1,0.02
0.02,16,29,0.1588853852671936,1,5,8,1,0.02
0.05,0,0,0.0,0,0,0,1,0.05
0.05,0,1,0.0,0,0,0,1,0.05
0.05,0,2,0.0,0,0,0,1,0.05
0.05,0,3,0.0,0,0,0,1,0.05
0.05,0,4,0.0,0,0,0,1,0.05
0.05,0,5,0.0,0,0,0,1,0.05
0.05,0,6,0.0,0,0,0,1,0.05
0.05,0,7,0.0,0,0,0,1,0.05
0.05,0,8,0.0,0,0,0,1,0.05
0.05,0,9,0.0,0,0,0,1,0.05
0.05,0,10,0.0,0,0,0,1,0.05
0.05,0,11,0.0,0,0,0,1,0.05
0.05,0,12,0.0,0,0,0,1,0.05
0.05,0,13,0.0,0,0,0,1,0.05
0.05,0,14,0.0,0,0,0,1,0.05
0.05,0,15,0.0,0,0,0,1,0.05
0.05,0,16,0.0,0,0,0,1,0.05
0.05,0,17,0.0,0,0,0,1,0.05
0.05,0,18,0.0,0,0,0,1,0.05
0.05,0,19,0.0,0,0,0,1,0.05
0.05,0,20,0.0,0,0,0,1,0.05
0.05,0,21,0.0,0,0,0,1,0.05
0.05,0,22,0.0,0,0,0,1,0.05
0.05,0,23,0.0,0,0,0,1,0.05
0.05,0,24,0.0,0,0,0,1,0.05
0.05,0,25,0.0,0,0,0,1,0.05
0.05,0,26,0.0,0,0,0,1,0.05
0.05,0,27,0.0,0,0,0,1,0.05
0.05,0,28,0.0,0,0,0,1,0.05
0.05,0,29,0.0,0,0,0,1,0.05
0.05,1,0,0.03693975401292474,1,0,0,1,0.05
0.05,1,1,0.03723819073083779,1,0,0,1,0.05
0.05,1,2,0.03668663787097673,1,0,0,1,0.05
0.05,1,3,0.035642298121967834,1,0,0,1,0.05
0.05,1,4,0.036226541088743895,1,0,0,1,0.05
0.05,1,5,0.03551954268588792,1,0,0,1,0.05
0.05,1,6,0.03650233437083148,1,0,0,1,0.05
0.05,1,7,0.03632588794292641,1,0,0,1,0.05
0.05,1,8,0.03695682354574483,1,0,0,1,0.05
0.05,1,9,0.0369136368053531,1,0,0,1,0.05
0.05,1,10,0.03577852181853399,1,0,0,1,0.05
0.05,1,11,0.03569443672539321,1,0,0,1,0.05
0.05,1,12,0.0357391280153585,1,0,0,1,0.05
0.05,1,13,0.03580929565302171,1,0,0,1,0.05
0.05,1,14,0.03651724425423117,1,0,0,1,0.05
0.05,1,15,0.03750382976352951,1,0,0,1,0.05
0.05,1,16,0.03572962413931644,1,0,0,1,0.05
0.05,1,17,0.036779116800800635,1,0,0,1,0.05
0.05,1,18,0.037490787223095214,1,0,0,1,0.05
0.05,1,19,0.03792905938726757,1,0,0,1,0.05
0.05,1,20,0.0370108144878042,1,0,0,1,0.05
0.05,1,21,0.038103960258651794,1,0,0,1,0.05
0.05,1,22,0.03679469866770614,1,0,0,1,0.05
0.05,1,23,0.037271731443863615,1,0,0,1,0.05
0.05,1,24,0.03741023214385125,1,0,0,1,0.05
0.05,1,25,0.03798574321138324,1,0,0,1,0.05
0.05,1,26,0.03704628704628705,1,0,0,1,0.05
0.05,1,27,0.03609697944246524,1,0,0,1,0.05
0.05,1,28,0.035347364913644694,1,0,0,1,0.05
0.05,1,29,0.03688063454138827,1,0,0,1,0.05
0.05,2,0,0.06858453199916614,2,0,1,1,0.05
0.05,2,1,0.06818181818181818,2,0,1,1,0.05
0.05,2,2,0.06831545213877664,2,0,1,1,0.05
0.05,2,3,0.06742010370185023,2,0,1,1,0.05
0.05,2,4,0.0662483827437014,2,0,1,1,0.05
0.05,2,5,0.06732063324684695,2,0,1,1,0.05
0.05,2,6,0.06796076033792797,2,0,1,1,0.05
0.05,2,7,0.06667409812309279,2,0,1,1,0.05
0.05,2,8,0.06815215882271276,2,0,1,1,0.05
0.05,2,9,0.06866297391473353,2,0,1,1,0.05
0.05,2,10,0.06793215086194969,2,0,1,1,0.05
0.05,2,11,0.0672483743678097,2,0,1,1,0.05
0.05,2,12,0.06684566372666315,2,0,1,1,0.05
0.05,2,13,0.06781620401966656,2,0,1,1,0.05
0.05,2,14,0.06822666259066781,2,0,1,1,0.05
0.05,2,15,0.067877336155753,2,0,1,1,0.05
0.05,2,16,0.06648564026544382,2,0,1,1,0.05
0.05,2,17,0.06873497074072529,2,0,1,1,0.05
0.05,2,18,0.06882118173853792,2,0,1,1,0.05
0.05,2,19,0.07011637166287144,2,0,1,1,0.05
0.05,2,20,0.06874626907112018,2,0,1,1,0.05
0.05,2,21,0.0697693780701024,2,0,1,1,0.05
0.05,2,22,0.06754743773579652,2,0,1,1,0.05
0.05,2,23,0.0688029506787393,2,0,1,1,0.05
0.05,2,24,0.0674859433279519,2,0,1,1,0.05
0.05,2,25,0.0678861675866086,2,0,1,1,0.05
0.05,2,26,0.06866744366744366,2,0,1,1,0.05
0.05,2,27,0.06777194028195567,2,0,1,1,0.05
0.05,2,28,0.06714055645026934,2,0,1,1,0.05
0.05,2,29,0.06821875564322327,2,0,1,1,0.05
0.05,4,0,0.11893544576471406,1,1,2,1,0.05
0.05,4,1,0.1176052807486631,1,1,2,1,0.05
0.05,4,2,0.11777901630207607,1,1,2,1,0.05
0.05,4,3,0.11815894463210865,1,1,2,1,0.05
0.05,4,4,0.11509300093209611,1,1,2,1,0.05
0.05,4,5,0.11589638283407101,1,1,2,1,0.05
0.05,4,6,0.1183859493108048,1,1,2,1,0.05
0.05,4,7,0.11640447559463263,1,1,2,1,0.05
0.05,4,8,0.11702068582535055,1,1,2,1,0.05
0.05,4,9,0.1163355684200297,1,1,2,1,0.05
0.05,4,10,0.11782285065995185,1,1,2,1,0.05
0.05,4,11,0.11764297226699272,1,1,2,1,0.05
0.05,4,12,0.11741465179043432,1,1,2,1,0.05
0.05,4,13,0.11762329902363608,1,1,2,1,0.05
0.05,4,14,0.11805574854792542,1,1,2,1,0.05
0.05,4,15,0.11713505835166978,1,1,2,1,0.05
0.05,4,16,0.11672046660478519,1,1,2,1,0.05
0.05,4,17,0.11878848532866297,1,1,2,1,0.05
0.05,4,18,0.12012070476005061,1,1,2,1,0.05
0.05,4,19,0.1201436135287297,1,1,2,1,0.05
0.05,4,20,0.11959796204517374,1,1,2,1,0.05
0.05,4,21,0.11896039741348209,1,1,2,1,0.05
0.05,4,22,0.11838899639431444,1,1,2,1,0.05
0.05,4,23,0.11829060303110138,1,1,2,1,0.05
0.05,4,24,0.11618326560151422,1,1,2,1,0.05
0.05,4,25,0.11860316755887167,1,1,2,1,0.05
0.05,4,26,0.1178959928959929,1,1,2,1,0.05
0.05,4,27,0.1170933891514992,1,1,2,1,0.05
0.05,4,28,0.11612150830232687,1,1,2,1,0.05
0.05,4,29,0.11680951256441957,1,1,2,1,0.05
0.05,8,0,0.18330901257730525,2,2,4,1,0.05
0.05,8,1,0.18418560606060605,2,2,4,1,0.05
0.05,8,2,0.18421345966281175,2,2,4,1,0.05
0.05,8,3,0.1817284568441831,2,2,4,1,0.05
0.05,8,4,0.1818700351970618,2,2,4,1,0.05
0.05,8,5,0.18081667198534818,2,2,4,1,0.05
0.05,8,6,0.18531847487772343,2,2,4,1,0.05
0.05,8,7,0.17885657753563616,2,2,4,1,0.05
0.05,8,8,0.18379841732611413,2,2,4,1,0.05
0.05,8,9,0.18048672136381935,2,2,4,1,0.05
0.05,8,10,0.18269736295968345,2,2,4,1,0.05
0.05,8,11,0.17991719001834047,2,2,4,1,0.05
0.05,8,12,0.18242397262179683,2,2,4,1,0.05
0.05,8,13,0.1829602908199507,2,2,4,1,0.05
0.05,8,14,0.1845593752605397,2,2,4,1,0.05
0.05,8,15,0.18144723282176978,2,2,4,1,0.05
0.05,8,16,0.18201465759687452,2,2,4,1,0.05
0.05,8,17,0.1849519758697858,2,2,4,1,0.05
0.05,8,18,0.1830874275145666,2,2,4,1,0.05
0.05,8,19,0.18369399701037986,2,2,4,1,0.05
0.05,8,20,0.1830411061596768,2,2,4,1,0.05
0.05,8,21,0.18539949490744595,2,2,4,1,0.05
0.05,8,22,0.18386212081134887,2,2,4,1,0.05
0.05,8,23,0.184001442061038,2,2,4,1,0.05
0.05,8,24,0.1807743695373824,2,2,4,1,0.05
0.05,8,25,0.18160763320666795,2,2,4,1,0.05
0.05,8,26,0.1832056832056832,2,2,4,1,0.05
0.05,8,27,0.18108096868545448,2,2,4,1,0.05
0.05,8,28,0.18127672571777642,2,2,4,1,0.05
0.05,8,29,0.18281959743849754,2,2,4,1,0.05
0.05,16,0,0.24342992147870196,1,5,8,1,0.05
0.05,16,1,0.24384469696969696,1,5,8,1,0.05
0.05,16,2,0.2434582694719242,1,5,8,1,0.05
0.05,16,3,0.2415446849326494,1,5,8,1,0.05
0.05,16,4,0.24228933932471725,1,5,8,1,0.05
0.05,16,5,0.2408530240173158,1,5,8,1,0.05
0.05,16,6,0.2435943752779013,1,5,8,1,0.05
0.05,16,7,0.23920464837599453,1,5,8,1,0.05
0.05,16,8,0.24296820769123975,1,5,8,1,0.05
0.05,16,9,0.24252773034581374,1,5,8,1,0.05
0.05,16,10,0.24236973906306206,1,5,8,1,0.05
0.05,16,11,0.23924581781804036,1,5,8,1,0.05
0.05,16,12,0.24348237389054284,1,5,8,1,0.05
0.05,16,13,0.24377063108486427,1,5,8,1,0.05
0.05,16,14,0.24469888558485953,1,5,8,1,0.05
0.05,16,15,0.24002172520402196,1,5,8,1,0.05
0.05,16,16,0.24049265042047077,1,5,8,1,0.05
0.05,16,17,0.2432481269894222,1,5,8,1,0.05
0.05,16,18,0.24352324400995676,1,5,8,1,0.05
0.05,16,19,0.2466157220491471,1,5,8,1,0.05
0.05,16,20,0.24397151305651577,1,5,8,1,0.05
0.05,16,21,0.24395692837121527,1,5,8,1,0.05
0.05,16,22,0.24281995238824464,1,5,8,1,0.05
0.05,16,23,0.24365285153704294,1,5,8,1,0.05
0.05,16,24,0.2405361019874186,1,5,8,1,0.05
0.05,16,25,0.23979973927273737,1,5,8,1,0.05
0.05,16,26,0.24173049173049174,1,5,8,1,0.05
0.05,16,27,0.2415059815079222,1,5,8,1,0.05
0.05,16,28,0.2411839840062198,1,5,8,1,0.05
0.05,16,29,0.24248149022767368,1,5,8,1,0.05
